id,breed_1,breed_2,breed_3,breed_4
sample_1,0,0,1,0
sample_2,0,0,1,0
sample_3,0,0,1,0
sample_4,0,0,1,0
sample_5,0,1,0,0
sample_6,0,0,0,1
sample_7,0,0,1,0
sample_8,0,0,0,1
sample_9,0,1,0,0
sample_10,0.04,0.96,0,0
sample_11,1,0,0,0
sample_12,0,0,0,1
sample_13,0,0,0,1
sample_14,0,1,0,0
sample_15,0.63,0,0.37,0
sample_16,0,1,0,0
sample_17,0.01,0,0.99,0
sample_18,0,1,0,0
sample_19,1,0,0,0
sample_20,0,1,0,0
sample_21,0,0,0,1
sample_22,1,0,0,0
sample_23,0.44,0.56,0,0
sample_24,0,0,1,0
sample_25,0,1,0,0
sample_26,0,0,1,0
sample_27,0,0,1,0
sample_28,1,0,0,0
sample_29,1,0,0,0
sample_30,1,0,0,0
sample_31,0,1,0,0
sample_32,0,1,0,0
sample_33,0.01,0.77,0.23,0
sample_34,0,0,1,0
sample_35,0,0,0,1
sample_36,0,0,0,1
sample_37,0,1,0,0
sample_38,0.75,0.25,0,0
sample_39,1,0,0,0
sample_40,0,0,1,0
sample_41,0,0,1,0
sample_42,0.4,0.59,0,0
sample_43,0,0,1,0
sample_44,0,1,0,0
sample_45,1,0,0,0
sample_46,0,1,0,0
sample_47,1,0,0,0
sample_48,1,0,0,0
sample_49,0,0,1,0
sample_50,0,0,0,1
sample_51,0,0,1,0
sample_52,1,0,0,0
sample_53,0,0,1,0
sample_54,1,0,0,0
sample_55,1,0,0,0
sample_56,0.79,0.21,0,0
sample_57,1,0,0,0
sample_58,1,0,0,0
sample_59,1,0,0,0
sample_60,0,0.99,0,0
sample_61,1,0,0,0
sample_62,1,0,0,0
sample_63,1,0,0,0
sample_64,0,0,0,1
sample_65,1,0,0,0
sample_66,0.99,0.01,0,0
sample_67,0,1,0,0
sample_68,0,0,0,1
sample_69,0.24,0.76,0,0
sample_70,0,1,0,0
sample_71,0,0,1,0
sample_72,0.98,0,0.02,0
sample_73,0,0,1,0
sample_74,1,0,0,0
sample_75,0,1,0,0
sample_76,0,0,1,0
sample_77,0,0,1,0
sample_78,0,1,0,0
sample_79,1,0,0,0
sample_80,0.93,0,0.07,0
sample_81,0,1,0,0
sample_82,1,0,0,0
sample_83,0,0,1,0
sample_84,1,0,0,0
sample_85,0.03,0.97,0,0
sample_86,0,0.99,0.01,0
sample_87,0.71,0.29,0,0
sample_88,0,1,0,0
sample_89,0,0,1,0
sample_90,0,0,1,0
sample_91,0,0,1,0
sample_92,0,0,0,1
sample_93,1,0,0,0
sample_94,1,0,0,0
sample_95,0,0,1,0
sample_96,0,1,0,0
sample_97,1,0,0,0
sample_98,1,0,0,0
sample_99,1,0,0,0
sample_100,1,0,0,0
sample_101,0,1,0,0
sample_102,0,1,0,0
sample_103,1,0,0,0
sample_104,0.02,0,0.98,0
sample_105,1,0,0,0
sample_106,0,1,0,0
sample_107,0,1,0,0
sample_108,0,0,1,0
sample_109,0,1,0,0
sample_110,0,0,1,0
sample_111,0,1,0,0
sample_112,1,0,0,0
sample_113,0,0,1,0
sample_114,0,0,1,0
sample_115,1,0,0,0
sample_116,0,0,1,0
sample_117,0,0,0,1
sample_118,1,0,0,0
sample_119,1,0,0,0
sample_120,0,0,1,0
sample_121,0,0,1,0
sample_122,0,1,0,0
sample_123,1,0,0,0
sample_124,0,1,0,0
sample_125,0,0,1,0
sample_126,0.93,0.07,0,0
sample_127,0,0,1,0
sample_128,0,0.92,0.07,0
sample_129,0,0,1,0
sample_130,0,1,0,0
sample_131,0,0.99,0.01,0
sample_132,1,0,0,0
sample_133,0,0,1,0
sample_134,1,0,0,0
sample_135,0,0,1,0
sample_136,1,0,0,0
sample_137,1,0,0,0
sample_138,1,0,0,0
sample_139,0,0,1,0
sample_140,0,0,1,0
sample_141,0,0,0,1
sample_142,0,0,1,0
sample_143,0,1,0,0
sample_144,0,1,0,0
sample_145,0.92,0.08,0,0
sample_146,0,0,0,1
sample_147,0,1,0,0
sample_148,0,0,0,1
sample_149,0,0,1,0
sample_150,0,0,1,0
sample_151,0,0,1,0
sample_152,0,1,0,0
sample_153,1,0,0,0
sample_154,0,0,0,1
sample_155,1,0,0,0
sample_156,1,0,0,0
sample_157,0,0,1,0
sample_158,0,1,0,0
sample_159,0.99,0,0,0
sample_160,0,0,1,0
sample_161,0,1,0,0
sample_162,0,1,0,0
sample_163,0.01,0,0.99,0
sample_164,0,0,1,0
sample_165,0,1,0,0
sample_166,0,1,0,0
sample_167,0,0,0,1
sample_168,0,1,0,0
sample_169,1,0,0,0
sample_170,0,1,0,0
sample_171,0,0,1,0
sample_172,0,0,1,0
sample_173,0,1,0,0
sample_174,0,1,0,0
sample_175,0,1,0,0
sample_176,0,0,1,0
sample_177,0,0,1,0
sample_178,0,1,0,0
sample_179,0,1,0,0
sample_180,1,0,0,0
sample_181,0,0,1,0
sample_182,0,0,1,0
sample_183,0,1,0,0
sample_184,0,1,0,0
sample_185,0,0,1,0
sample_186,1,0,0,0
sample_187,0,0,1,0
sample_188,0,0,1,0
sample_189,0,1,0,0
sample_190,0,0,1,0
sample_191,0,1,0,0
sample_192,1,0,0,0
sample_193,0,0,0,1
sample_194,1,0,0,0
sample_195,0,1,0,0
sample_196,0,1,0,0
sample_197,0,0,0,1
sample_198,0,1,0,0
sample_199,0,1,0,0
sample_200,0,0,1,0
sample_201,0,0,0,1
sample_202,1,0,0,0
sample_203,0,0,1,0
sample_204,0,0,1,0
sample_205,0,1,0,0
sample_206,0,0,0,1
sample_207,0,0,0,1
sample_208,0.01,0.99,0,0
sample_209,0.15,0,0.85,0
sample_210,1,0,0,0
sample_211,0,0,0,1
sample_212,0,1,0,0
sample_213,0,0,1,0
sample_214,1,0,0,0
sample_215,0,0,0,1
sample_216,0,1,0,0
sample_217,0,1,0,0
sample_218,0,0,1,0
sample_219,0,0,1,0
sample_220,0.99,0,0,0
sample_221,0,1,0,0
sample_222,0,0.99,0.01,0
sample_223,0,0,1,0
sample_224,0,0,1,0
sample_225,0.99,0,0,0
sample_226,1,0,0,0
sample_227,0,0,0,1
sample_228,0,0,1,0
sample_229,0,0.97,0.03,0
sample_230,0,1,0,0
sample_231,0,1,0,0
sample_232,1,0,0,0
sample_233,0,0,1,0
sample_234,1,0,0,0
sample_235,1,0,0,0
sample_236,1,0,0,0
sample_237,1,0,0,0
sample_238,1,0,0,0
sample_239,0.49,0.51,0.01,0
sample_240,0,0,1,0
sample_241,1,0,0,0
sample_242,0,0,1,0
sample_243,0.98,0,0.02,0
sample_244,0,0,1,0
sample_245,1,0,0,0
sample_246,0,0,0,1
sample_247,1,0,0,0
sample_248,1,0,0,0
sample_249,1,0,0,0
sample_250,0,0,0,1
sample_251,1,0,0,0
sample_252,0,1,0,0
sample_253,0,0,1,0
sample_254,0,1,0,0
sample_255,1,0,0,0
sample_256,1,0,0,0
sample_257,0,0,0,1
sample_258,0,0,1,0
sample_259,0,0,0,1
sample_260,1,0,0,0
sample_261,0,1,0,0
sample_262,1,0,0,0
sample_263,0,0,1,0
sample_264,1,0,0,0
sample_265,0.94,0.06,0,0
sample_266,0,1,0,0
sample_267,1,0,0,0
sample_268,0,1,0,0
sample_269,0,0,0,1
sample_270,0.73,0.09,0.09,0.09
sample_271,1,0,0,0
sample_272,0.06,0.94,0,0
sample_273,0,0,1,0
sample_274,0.93,0,0.07,0
sample_275,0,0,1,0
sample_276,0,1,0,0
sample_277,0,0,1,0
sample_278,0.02,0.73,0.22,0.02
sample_279,0.01,0.99,0,0
sample_280,0,0,1,0
sample_281,0,0,1,0
sample_282,0,0,0,1
sample_283,1,0,0,0
sample_284,0.01,0,0.99,0
sample_285,0,0,0,1
sample_286,1,0,0,0
sample_287,1,0,0,0
sample_288,1,0,0,0
sample_289,0.16,0.81,0.03,0
sample_290,0,1,0,0
sample_291,1,0,0,0
sample_292,0,0,1,0
sample_293,0,0,1,0
sample_294,0,1,0,0
sample_295,0,0,0,1
sample_296,1,0,0,0
sample_297,1,0,0,0
sample_298,1,0,0,0
sample_299,1,0,0,0
sample_300,0,0,1,0
sample_301,0,1,0,0
sample_302,0,0,1,0
sample_303,0,0,1,0
sample_304,1,0,0,0
sample_305,0.18,0.5,0.32,0
sample_306,0,0,0,1
sample_307,0.81,0.19,0,0
sample_308,0,1,0,0
sample_309,0,0,1,0
sample_310,0.34,0,0.66,0
sample_311,0,0,0,1
sample_312,0,0,1,0
sample_313,0,1,0,0
sample_314,1,0,0,0
sample_315,0,0,1,0
sample_316,0.01,0.99,0,0
sample_317,0,1,0,0
sample_318,0,1,0,0
sample_319,0,0,1,0
sample_320,0,0,1,0
sample_321,0,1,0,0
sample_322,0,0,0,1
sample_323,1,0,0,0
sample_324,0,0,1,0
sample_325,0,0.54,0.46,0
sample_326,0,1,0,0
sample_327,0,1,0,0
sample_328,1,0,0,0
sample_329,0,0,1,0
sample_330,0,1,0,0
sample_331,0,0,1,0
sample_332,1,0,0,0
sample_333,1,0,0,0
sample_334,1,0,0,0
sample_335,0,1,0,0
sample_336,0,0,1,0
sample_337,0,1,0,0
sample_338,1,0,0,0
sample_339,0,0,1,0
sample_340,0,0,0,1
sample_341,0,0,1,0
sample_342,1,0,0,0
sample_343,0,1,0,0
sample_344,0,0,0,1
sample_345,0,0,1,0
sample_346,0,0,1,0
sample_347,0,1,0,0
sample_348,0,0.99,0.01,0
sample_349,0,1,0,0
sample_350,0,0,1,0
sample_351,0.99,0,0.01,0
sample_352,0,1,0,0
sample_353,0,0,1,0
sample_354,0,0,1,0
sample_355,0,0,1,0
sample_356,0,0,0,1
sample_357,0,0.86,0.14,0
sample_358,1,0,0,0
sample_359,1,0,0,0
sample_360,0,0,0,1
sample_361,1,0,0,0
sample_362,1,0,0,0
sample_363,1,0,0,0
sample_364,1,0,0,0
sample_365,0,1,0,0
sample_366,1,0,0,0
sample_367,0,1,0,0
sample_368,1,0,0,0
sample_369,0,0,1,0
sample_370,0.99,0,0.01,0
sample_371,0,0,1,0
sample_372,1,0,0,0
sample_373,1,0,0,0
sample_374,1,0,0,0
sample_375,1,0,0,0
sample_376,1,0,0,0
sample_377,0,0,1,0
sample_378,0,1,0,0
sample_379,0,0,0,1
sample_380,1,0,0,0
sample_381,0,0,1,0
sample_382,0,0,0,1
sample_383,0,1,0,0
sample_384,0,1,0,0
sample_385,0,1,0,0
sample_386,1,0,0,0
sample_387,0,1,0,0
sample_388,1,0,0,0
sample_389,0,0,1,0
sample_390,0,0,1,0
sample_391,0,0,1,0
sample_392,0,1,0,0
sample_393,0,0,0,1
sample_394,0,1,0,0
sample_395,1,0,0,0
sample_396,0,0,1,0
sample_397,0,0,1,0
sample_398,1,0,0,0
sample_399,0.94,0.06,0,0
sample_400,0,1,0,0
sample_401,0,0,1,0
sample_402,1,0,0,0
sample_403,1,0,0,0
sample_404,0,0,1,0
sample_405,1,0,0,0
sample_406,0,1,0,0
sample_407,0.99,0,0.01,0
sample_408,0,0,1,0
sample_409,0,0.99,0,0
sample_410,0,0,0,1
sample_411,0,0,1,0
sample_412,0,1,0,0
sample_413,0.01,0.99,0,0
sample_414,0,1,0,0
sample_415,0.85,0,0.15,0
sample_416,1,0,0,0
sample_417,0,0,1,0
sample_418,1,0,0,0
sample_419,0,1,0,0
sample_420,0,0,1,0
sample_421,0.9,0.09,0,0
sample_422,0.01,0,0.99,0
sample_423,0,1,0,0
sample_424,0,1,0,0
sample_425,0,0,0,1
sample_426,1,0,0,0
sample_427,0,1,0,0
sample_428,0,0,1,0
sample_429,0,0,1,0
sample_430,0,0,0,1
sample_431,0,0.01,0.99,0
sample_432,1,0,0,0
sample_433,0,1,0,0
sample_434,1,0,0,0
sample_435,0,0,1,0
sample_436,0,1,0,0
sample_437,1,0,0,0
sample_438,0,0,0,1
sample_439,1,0,0,0
sample_440,0.01,0,0.99,0
sample_441,1,0,0,0
sample_442,0,1,0,0
sample_443,0,0,0,1
sample_444,0,1,0,0
sample_445,0,0,1,0
sample_446,0,0,1,0
sample_447,0,0,1,0
sample_448,1,0,0,0
sample_449,0,1,0,0
sample_450,0,1,0,0
sample_451,0,0,1,0
sample_452,1,0,0,0
sample_453,0,0,1,0
sample_454,1,0,0,0
sample_455,1,0,0,0
sample_456,0,1,0,0
sample_457,0,0,0,1
sample_458,0,0,1,0
sample_459,0,1,0,0
sample_460,0,0,1,0
sample_461,0,0,1,0
sample_462,0.93,0,0.07,0
sample_463,0,0,1,0
sample_464,0,0,1,0
sample_465,0.92,0.04,0.03,0.02
sample_466,1,0,0,0
sample_467,0,1,0,0
sample_468,0.99,0,0.01,0
sample_469,0,1,0,0
sample_470,0,1,0,0
sample_471,1,0,0,0
sample_472,0,1,0,0
sample_473,0,0,1,0
sample_474,0,1,0,0
sample_475,0,0,1,0
sample_476,0,0,1,0
sample_477,0.95,0,0.05,0
sample_478,0,1,0,0
sample_479,0,0,1,0
sample_480,0.99,0,0,0
sample_481,0,0,1,0
sample_482,0,0,1,0
sample_483,0,0,1,0
sample_484,0,1,0,0
sample_485,1,0,0,0
sample_486,0,0,1,0
sample_487,1,0,0,0
sample_488,0,0,1,0
sample_489,0,0,0,1
sample_490,0,1,0,0
sample_491,1,0,0,0
sample_492,0,0,0,1
sample_493,0,1,0,0
sample_494,0,0,1,0
sample_495,1,0,0,0
sample_496,0,0.95,0.05,0
sample_497,0,0,0,1
sample_498,1,0,0,0
sample_499,0,0,1,0
sample_500,1,0,0,0
sample_501,0,0,0,1
sample_502,0,0,1,0
sample_503,0,0,1,0
sample_504,0,1,0,0
sample_505,0,1,0,0
sample_506,0,0,1,0
sample_507,0,1,0,0
sample_508,0,0,1,0
sample_509,1,0,0,0
sample_510,1,0,0,0
sample_511,0,1,0,0
sample_512,0.84,0.16,0,0
sample_513,0,0,1,0
sample_514,0,1,0,0
sample_515,0,0,1,0
sample_516,0,1,0,0
sample_517,1,0,0,0
sample_518,0,0,0,1
sample_519,0,1,0,0
sample_520,0,1,0,0
sample_521,0,0,1,0
sample_522,0.03,0.04,0.92,0
sample_523,0,0,1,0
sample_524,0,1,0,0
sample_525,0,0,0,1
sample_526,1,0,0,0
sample_527,0.19,0.29,0.52,0
sample_528,0,1,0,0
sample_529,1,0,0,0
sample_530,0,0,1,0
sample_531,1,0,0,0
sample_532,0,0,1,0
sample_533,1,0,0,0
sample_534,0,1,0,0
sample_535,0,0,0,1
sample_536,1,0,0,0
sample_537,0,0,0,1
sample_538,0,0,1,0
sample_539,0,1,0,0
sample_540,0,0,1,0
sample_541,0.01,0.99,0,0
sample_542,0,0,0,1
sample_543,1,0,0,0
sample_544,0,1,0,0
sample_545,0,0,1,0
sample_546,0,0,1,0
sample_547,1,0,0,0
sample_548,0,1,0,0
sample_549,1,0,0,0
sample_550,0,0,1,0
sample_551,1,0,0,0
sample_552,1,0,0,0
sample_553,0,1,0,0
sample_554,1,0,0,0
sample_555,0,0,1,0
sample_556,0,0.97,0.03,0
sample_557,0,1,0,0
sample_558,0.86,0,0.14,0
sample_559,0,1,0,0
sample_560,1,0,0,0
sample_561,0,0,1,0
sample_562,1,0,0,0
sample_563,1,0,0,0
sample_564,0,0,1,0
sample_565,0,0,1,0
sample_566,0,0,1,0
sample_567,0,0.03,0.97,0
sample_568,0,0,1,0
sample_569,1,0,0,0
sample_570,1,0,0,0
sample_571,0,0,1,0
sample_572,1,0,0,0
sample_573,1,0,0,0
sample_574,0,1,0,0
sample_575,0,1,0,0
sample_576,0,0,1,0
sample_577,0,0,0,1
sample_578,1,0,0,0
sample_579,0,1,0,0
sample_580,1,0,0,0
sample_581,0,0,1,0
sample_582,1,0,0,0
sample_583,0.12,0,0.88,0
sample_584,0.83,0.17,0,0
sample_585,0,1,0,0
sample_586,0,0,0,1
sample_587,0.01,0.96,0.02,0.01
sample_588,0,0,1,0
sample_589,0,0,1,0
sample_590,0,0,1,0
sample_591,0,0,1,0
sample_592,0,0,1,0
sample_593,1,0,0,0
sample_594,0,1,0,0
sample_595,1,0,0,0
sample_596,0,1,0,0
sample_597,0.99,0,0.01,0
sample_598,0,0,0,1
sample_599,1,0,0,0
sample_600,0,1,0,0
sample_601,0,0,0,1
sample_602,0,1,0,0
sample_603,0,0,1,0
sample_604,0,0,1,0
sample_605,0,1,0,0
sample_606,0.99,0.01,0,0
sample_607,0,0,0,1
sample_608,0,1,0,0
sample_609,0,0,1,0
sample_610,0,0,1,0
sample_611,0,1,0,0
sample_612,0.06,0.94,0.01,0
sample_613,1,0,0,0
sample_614,0.31,0,0.69,0
sample_615,0,0,0,1
sample_616,1,0,0,0
sample_617,0.01,0.14,0.85,0
sample_618,0,1,0,0
sample_619,0,0,1,0
sample_620,0,0,1,0
sample_621,0,1,0,0
sample_622,0,0,1,0
sample_623,0,0,1,0
sample_624,0,0,0,1
sample_625,1,0,0,0
sample_626,0,1,0,0
sample_627,1,0,0,0
sample_628,0,1,0,0
sample_629,1,0,0,0
sample_630,0,1,0,0
sample_631,0,1,0,0
sample_632,0,1,0,0
sample_633,0,0,1,0
sample_634,0.03,0.25,0.72,0
sample_635,0,1,0,0
sample_636,1,0,0,0
sample_637,0,0,1,0
sample_638,0,1,0,0
sample_639,0.97,0,0.03,0
sample_640,0,0,0,1
sample_641,0,0,0,1
sample_642,1,0,0,0
sample_643,0,1,0,0
sample_644,0,1,0,0
sample_645,0,0,1,0
sample_646,0,1,0,0
sample_647,0,1,0,0
sample_648,1,0,0,0
sample_649,0,0,1,0
sample_650,0,1,0,0
sample_651,0.94,0.03,0.03,0
sample_652,0,0.01,0.99,0
sample_653,0,0,0,1
sample_654,0,1,0,0
sample_655,0,0.94,0.06,0
sample_656,1,0,0,0
sample_657,0,0,0,1
sample_658,1,0,0,0
sample_659,1,0,0,0
sample_660,0,0,1,0
sample_661,0,1,0,0
sample_662,1,0,0,0
sample_663,0,1,0,0
sample_664,0,1,0,0
sample_665,1,0,0,0
sample_666,0,1,0,0
sample_667,0,0,0,1
sample_668,0,1,0,0
sample_669,0,0,1,0
sample_670,1,0,0,0
sample_671,0,0,1,0
sample_672,1,0,0,0
sample_673,0,0,1,0
sample_674,1,0,0,0
sample_675,1,0,0,0
sample_676,0,1,0,0
sample_677,1,0,0,0
sample_678,0,1,0,0
sample_679,0,0,0,1
sample_680,1,0,0,0
sample_681,0,0,1,0
sample_682,0.97,0,0.03,0
sample_683,0,0,1,0
sample_684,0,1,0,0
sample_685,0.01,0.01,0.98,0.01
sample_686,0,0,1,0
sample_687,0.93,0.07,0,0
sample_688,0,1,0,0
sample_689,0,0,1,0
sample_690,0,0,1,0
sample_691,0,1,0,0
sample_692,0,0,1,0
sample_693,1,0,0,0
sample_694,0.95,0.05,0,0
sample_695,0,0,1,0
sample_696,0.01,0.99,0,0
sample_697,1,0,0,0
sample_698,0,0,0,1
sample_699,0,0,1,0
sample_700,0,0,1,0
sample_701,0,0,1,0
sample_702,0,0,1,0
sample_703,1,0,0,0
sample_704,0.02,0,0.97,0
sample_705,0,1,0,0
sample_706,1,0,0,0
sample_707,0,1,0,0
sample_708,0,1,0,0
sample_709,0,0,1,0
sample_710,1,0,0,0
sample_711,0,0,1,0
sample_712,0,0,0,1
sample_713,0,0,1,0
sample_714,0.01,0,0.99,0
sample_715,0,0,1,0
sample_716,1,0,0,0
sample_717,0,0,0,1
sample_718,0,1,0,0
sample_719,0,0,1,0
sample_720,0,0,1,0
sample_721,0.4,0.6,0,0
sample_722,1,0,0,0
sample_723,0,1,0,0
sample_724,0,0,0,1
sample_725,1,0,0,0
sample_726,1,0,0,0
sample_727,0,0,0,1
sample_728,1,0,0,0
sample_729,0,0,1,0
sample_730,0,1,0,0
sample_731,0,0,1,0
sample_732,1,0,0,0
sample_733,1,0,0,0
sample_734,0,0,1,0
sample_735,0,0,0.99,0
sample_736,0,0,0,1
sample_737,0,1,0,0
sample_738,1,0,0,0
sample_739,0,0,1,0
sample_740,1,0,0,0
sample_741,0,0,1,0
sample_742,0,1,0,0
sample_743,0,0,0,1
sample_744,0,1,0,0
sample_745,1,0,0,0
sample_746,1,0,0,0
sample_747,0,1,0,0
sample_748,1,0,0,0
sample_749,0,0,1,0
sample_750,0.02,0,0.98,0
sample_751,0,0,1,0
sample_752,1,0,0,0
sample_753,0,0,1,0
sample_754,0,1,0,0
sample_755,0,1,0,0
sample_756,0,0,1,0
sample_757,0,0,1,0
sample_758,0.01,0.99,0,0
sample_759,1,0,0,0
sample_760,0.03,0,0.97,0
sample_761,0,0,1,0
sample_762,0,1,0,0
sample_763,0,0,1,0
sample_764,0,1,0,0
sample_765,0,0,1,0
sample_766,0,0,1,0
sample_767,1,0,0,0
sample_768,0,0,0,1
sample_769,0,0.01,0.99,0
sample_770,0,0,1,0
sample_771,0,0,1,0
sample_772,1,0,0,0
sample_773,1,0,0,0
sample_774,0,1,0,0
sample_775,0,0,1,0
sample_776,0,1,0,0
sample_777,0,0,1,0
sample_778,0,0,1,0
sample_779,0,1,0,0
sample_780,0,0,1,0
sample_781,0,1,0,0
sample_782,0,1,0,0
sample_783,1,0,0,0
sample_784,0,1,0,0
sample_785,0,1,0,0
sample_786,0,1,0,0
sample_787,0.99,0,0.01,0
sample_788,0.99,0,0,0
sample_789,0,0,1,0
sample_790,0,0,1,0
sample_791,0,1,0,0
sample_792,0,1,0,0
sample_793,0,0.91,0.09,0
sample_794,1,0,0,0
sample_795,0,0.94,0.06,0
sample_796,0,0,1,0
sample_797,0,0,1,0
sample_798,0,0,0,1
sample_799,1,0,0,0
sample_800,0,0,0,1
sample_801,1,0,0,0
sample_802,0,1,0,0
sample_803,1,0,0,0
sample_804,1,0,0,0
sample_805,1,0,0,0
sample_806,1,0,0,0
sample_807,0,0,1,0
sample_808,0,0,0,1
sample_809,0,0,0,1
sample_810,1,0,0,0
sample_811,1,0,0,0
sample_812,1,0,0,0
sample_813,0,0,1,0
sample_814,1,0,0,0
sample_815,1,0,0,0
sample_816,0,1,0,0
sample_817,1,0,0,0
sample_818,1,0,0,0
sample_819,0,1,0,0
sample_820,0,0,1,0
sample_821,0,0,1,0
sample_822,1,0,0,0
sample_823,0,0,1,0
sample_824,0,0,0.99,0
sample_825,0.05,0.95,0,0
sample_826,1,0,0,0
sample_827,1,0,0,0
sample_828,0,0,1,0
sample_829,0,1,0,0
sample_830,0,1,0,0
sample_831,0,0,1,0
sample_832,0,0,1,0
sample_833,0,0,1,0
sample_834,1,0,0,0
sample_835,0.03,0.96,0.01,0
sample_836,1,0,0,0
sample_837,1,0,0,0
sample_838,0,1,0,0
sample_839,0,0,0,1
sample_840,0,0,1,0
sample_841,0.06,0.93,0.01,0
sample_842,1,0,0,0
sample_843,0.04,0.01,0.95,0
sample_844,0,1,0,0
sample_845,0,1,0,0
sample_846,0,0.97,0.03,0
sample_847,0,0,0,1
sample_848,0,0,1,0
sample_849,1,0,0,0
sample_850,1,0,0,0
sample_851,0,0,0,1
sample_852,0,1,0,0
sample_853,0,0.98,0.02,0
sample_854,0,1,0,0
sample_855,0,0,1,0
sample_856,0,1,0,0
sample_857,0,1,0,0
sample_858,0,1,0,0
sample_859,1,0,0,0
sample_860,0,0,1,0
sample_861,1,0,0,0
sample_862,0,0,1,0
sample_863,1,0,0,0
sample_864,0,1,0,0
sample_865,1,0,0,0
sample_866,1,0,0,0
sample_867,0.42,0.58,0,0
sample_868,0,0,0,1
sample_869,1,0,0,0
sample_870,0,0,1,0
sample_871,0,0,1,0
sample_872,0,0,1,0
sample_873,0,0,1,0
sample_874,0.05,0,0.95,0
sample_875,0,0,0,1
sample_876,1,0,0,0
sample_877,0.84,0,0.15,0
sample_878,1,0,0,0
sample_879,0,1,0,0
sample_880,1,0,0,0
sample_881,0,0,0,1
sample_882,0,0,1,0
sample_883,0,0,1,0
sample_884,1,0,0,0
sample_885,0,1,0,0
sample_886,0,1,0,0
sample_887,0,1,0,0
sample_888,0,0,0,1
sample_889,1,0,0,0
sample_890,1,0,0,0
sample_891,0,1,0,0
sample_892,0,0,1,0
sample_893,0,0,1,0
sample_894,0,1,0,0
sample_895,0,0,1,0
sample_896,0,0,1,0
sample_897,0,1,0,0
sample_898,0.01,0,0.99,0
sample_899,0,1,0,0
sample_900,0.96,0.04,0,0
sample_901,0,1,0,0
sample_902,0,1,0,0
sample_903,1,0,0,0
sample_904,0,0,1,0
sample_905,0,1,0,0
sample_906,1,0,0,0
sample_907,0,1,0,0
sample_908,0,0,1,0
sample_909,0,1,0,0
sample_910,0,0,1,0
sample_911,0.01,0.98,0.01,0
sample_912,1,0,0,0
sample_913,0,0,1,0
sample_914,0,0,1,0
sample_915,1,0,0,0
sample_916,1,0,0,0
sample_917,0,1,0,0
sample_918,1,0,0,0
sample_919,0,1,0,0
sample_920,0,1,0,0
sample_921,1,0,0,0
sample_922,1,0,0,0
sample_923,0,0,1,0
sample_924,1,0,0,0
sample_925,1,0,0,0
sample_926,0,0,1,0
sample_927,0,0,1,0
sample_928,0,1,0,0
sample_929,1,0,0,0
sample_930,0,0,1,0
sample_931,0,0,1,0
sample_932,0,1,0,0
sample_933,0,0,0,1
sample_934,0,1,0,0
sample_935,0,0,0,1
sample_936,1,0,0,0
sample_937,0,0,0,1
sample_938,1,0,0,0
sample_939,0,0,1,0
sample_940,0,0,0,1
sample_941,0,0,1,0
sample_942,0,0,0,1
sample_943,0,1,0,0
sample_944,0,0,0,1
sample_945,0.45,0.55,0,0
sample_946,0,1,0,0
sample_947,0,1,0,0
sample_948,1,0,0,0
sample_949,0,1,0,0
sample_950,0,0,1,0
sample_951,0,1,0,0
sample_952,0,0.99,0,0
sample_953,0,0,1,0
sample_954,0.08,0.92,0,0
sample_955,0.98,0,0.02,0
sample_956,0,0,0,1
sample_957,0.01,0.99,0,0
sample_958,1,0,0,0
sample_959,0,1,0,0
sample_960,0,0,0.99,0
sample_961,0,0,1,0
sample_962,0,0,0,1
sample_963,0.88,0.01,0.11,0
sample_964,0,0.95,0.05,0
sample_965,0.99,0.01,0,0
sample_966,0,0,0,1
sample_967,0,1,0,0
sample_968,1,0,0,0
sample_969,1,0,0,0
sample_970,1,0,0,0
sample_971,0,0,1,0
sample_972,1,0,0,0
sample_973,1,0,0,0
sample_974,1,0,0,0
sample_975,0,1,0,0
sample_976,1,0,0,0
sample_977,1,0,0,0
sample_978,0,1,0,0
sample_979,0,0,1,0
sample_980,0,0,1,0
sample_981,1,0,0,0
sample_982,0,1,0,0
sample_983,0,1,0,0
sample_984,1,0,0,0
sample_985,0,0,0,1
sample_986,0,0,1,0
sample_987,1,0,0,0
sample_988,0,1,0,0
sample_989,1,0,0,0
sample_990,0,0,1,0
sample_991,1,0,0,0
sample_992,0.01,0.99,0,0
sample_993,0.09,0.78,0.08,0.05
sample_994,0,1,0,0
sample_995,0,0,1,0
sample_996,0,0,1,0
sample_997,1,0,0,0
sample_998,0.81,0.18,0.01,0
sample_999,1,0,0,0
sample_1000,0,0.03,0.97,0
sample_1001,1,0,0,0
sample_1002,0,0,0,1
sample_1003,1,0,0,0
sample_1004,0,0,1,0
sample_1005,0,1,0,0
sample_1006,1,0,0,0
sample_1007,0,0,1,0
sample_1008,0,0.88,0.12,0
sample_1009,0.01,0.39,0.59,0.01
sample_1010,0,1,0,0
sample_1011,0,0,0,1
sample_1012,0,1,0,0
sample_1013,0,0,1,0
sample_1014,0,0,1,0
sample_1015,1,0,0,0
sample_1016,0,1,0,0
sample_1017,0,0,1,0
sample_1018,1,0,0,0
sample_1019,0,0,1,0
sample_1020,0.94,0.06,0,0
sample_1021,0,1,0,0
sample_1022,0,1,0,0
sample_1023,0,0,1,0
sample_1024,1,0,0,0
sample_1025,0,0.99,0.01,0
sample_1026,0,1,0,0
sample_1027,0,1,0,0
sample_1028,0.01,0.01,0.97,0.01
sample_1029,1,0,0,0
sample_1030,0.97,0.03,0,0
sample_1031,0,0,1,0
sample_1032,0,0,1,0
sample_1033,1,0,0,0
sample_1034,0,1,0,0
sample_1035,0,0,0,1
sample_1036,0,1,0,0
sample_1037,0,0,1,0
sample_1038,0,1,0,0
sample_1039,0.02,0.98,0,0
sample_1040,0,0,1,0
sample_1041,0.92,0.07,0,0
sample_1042,0,1,0,0
sample_1043,0.99,0,0.01,0
sample_1044,0.32,0.68,0,0
sample_1045,0,0,1,0
sample_1046,0,1,0,0
sample_1047,1,0,0,0
sample_1048,1,0,0,0
sample_1049,0.45,0,0.55,0
sample_1050,0,1,0,0
sample_1051,1,0,0,0
sample_1052,0.99,0,0,0
sample_1053,0,1,0,0
sample_1054,0.01,0.01,0.99,0
sample_1055,1,0,0,0
sample_1056,0.9,0.1,0,0
sample_1057,0,0,1,0
sample_1058,0.69,0.31,0,0
sample_1059,0,0,0,1
sample_1060,0,0,0,1
sample_1061,1,0,0,0
sample_1062,1,0,0,0
sample_1063,0,0,1,0
sample_1064,1,0,0,0
sample_1065,1,0,0,0
sample_1066,0,0,1,0
sample_1067,0,0,1,0
sample_1068,0,0,1,0
sample_1069,1,0,0,0
sample_1070,1,0,0,0
sample_1071,0,0,1,0
sample_1072,0,1,0,0
sample_1073,0,0,0,1
sample_1074,0,1,0,0
sample_1075,0,0,1,0
sample_1076,0.75,0,0.25,0
sample_1077,0,1,0,0
sample_1078,0,1,0,0
sample_1079,0,0,1,0
sample_1080,0,1,0,0
sample_1081,0,0,0,1
sample_1082,1,0,0,0
sample_1083,1,0,0,0
sample_1084,0.27,0.72,0.01,0
sample_1085,1,0,0,0
sample_1086,0,1,0,0
sample_1087,0,0,0,1
sample_1088,0,1,0,0
sample_1089,0,0,1,0
sample_1090,0,0,1,0
sample_1091,0,1,0,0
sample_1092,0.96,0.04,0,0
sample_1093,0.02,0,0.98,0
sample_1094,0,0,0,1
sample_1095,0,0,1,0
sample_1096,0,0,1,0
sample_1097,0,1,0,0
sample_1098,0,1,0,0
sample_1099,0.96,0.04,0,0
sample_1100,0,0,1,0
sample_1101,1,0,0,0
sample_1102,0,0,1,0
sample_1103,0,1,0,0
sample_1104,0,0,1,0
sample_1105,0,0,0.99,0
sample_1106,0,1,0,0
sample_1107,0,1,0,0
sample_1108,0,1,0,0
sample_1109,1,0,0,0
sample_1110,0,0,0,1
sample_1111,1,0,0,0
sample_1112,0,0,1,0
sample_1113,0,0,1,0
sample_1114,0,1,0,0
sample_1115,0,1,0,0
sample_1116,0,0,1,0
sample_1117,1,0,0,0
sample_1118,0,0,1,0
sample_1119,1,0,0,0
sample_1120,0,0,1,0
sample_1121,0,0.98,0.01,0
sample_1122,0,0,0,1
sample_1123,1,0,0,0
sample_1124,0,0,0,1
sample_1125,1,0,0,0
sample_1126,1,0,0,0
sample_1127,0,0,1,0
sample_1128,0,0,1,0
sample_1129,0.98,0.01,0,0
sample_1130,0,1,0,0
sample_1131,0,0,0,1
sample_1132,0,0,1,0
sample_1133,0.99,0,0.01,0
sample_1134,0,0,1,0
sample_1135,1,0,0,0
sample_1136,1,0,0,0
sample_1137,0,1,0,0
sample_1138,1,0,0,0
sample_1139,0.99,0.01,0,0
sample_1140,0,1,0,0
sample_1141,0,1,0,0
sample_1142,0,0.89,0.11,0
sample_1143,0,0,0,1
sample_1144,0,0,1,0
sample_1145,0,0,1,0
sample_1146,0,0,1,0
sample_1147,0,1,0,0
sample_1148,0,0,0,1
sample_1149,1,0,0,0
sample_1150,0,1,0,0
sample_1151,0,0,1,0
sample_1152,0.28,0.72,0,0
sample_1153,1,0,0,0
sample_1154,0,1,0,0
sample_1155,0,0,1,0
sample_1156,1,0,0,0
sample_1157,0,0,1,0
sample_1158,0,0,0,1
sample_1159,0,1,0,0
sample_1160,0,1,0,0
sample_1161,0.01,0,0.99,0
sample_1162,1,0,0,0
sample_1163,0,1,0,0
sample_1164,0,0,0,1
sample_1165,1,0,0,0
sample_1166,0,0,0,1
sample_1167,1,0,0,0
sample_1168,0,1,0,0
sample_1169,0,0,1,0
sample_1170,0,0,0,1
sample_1171,0,0.99,0.01,0
sample_1172,0,0,0.99,0
sample_1173,0,1,0,0
sample_1174,1,0,0,0
sample_1175,1,0,0,0
sample_1176,1,0,0,0
sample_1177,0,0,1,0
sample_1178,0,0,1,0
sample_1179,0,1,0,0
sample_1180,0,1,0,0
sample_1181,0,1,0,0
sample_1182,0,0,1,0
sample_1183,1,0,0,0
sample_1184,1,0,0,0
sample_1185,0.1,0,0.9,0
sample_1186,0,0,1,0
sample_1187,0,1,0,0
sample_1188,1,0,0,0
sample_1189,0,0,1,0
sample_1190,1,0,0,0
sample_1191,0,0,0,1
sample_1192,0,0,1,0
sample_1193,0,0,1,0
sample_1194,0,1,0,0
sample_1195,0,1,0,0
sample_1196,1,0,0,0
sample_1197,1,0,0,0
sample_1198,0,1,0,0
sample_1199,0.01,0,0.99,0
sample_1200,0,0,1,0
sample_1201,0,0,0,1
sample_1202,0.04,0.96,0,0
sample_1203,0,1,0,0
sample_1204,1,0,0,0
sample_1205,0,1,0,0
sample_1206,0,0,1,0
sample_1207,0,0,1,0
sample_1208,1,0,0,0
sample_1209,0,0,1,0
sample_1210,0.94,0,0.06,0
sample_1211,0,0,1,0
sample_1212,1,0,0,0
sample_1213,0,0,0,1
sample_1214,1,0,0,0
sample_1215,0,1,0,0
sample_1216,0,0,1,0
sample_1217,0.01,0.41,0.58,0
sample_1218,1,0,0,0
sample_1219,0,0,1,0
sample_1220,1,0,0,0
sample_1221,0,0,0,1
sample_1222,0,0,1,0
sample_1223,0,1,0,0
sample_1224,0,0,1,0
sample_1225,0,0,1,0
sample_1226,1,0,0,0
sample_1227,0,0,0,1
sample_1228,0,0,1,0
sample_1229,0,1,0,0
sample_1230,1,0,0,0
sample_1231,0,0,1,0
sample_1232,0.01,0.98,0,0
sample_1233,1,0,0,0
sample_1234,0,0,1,0
sample_1235,1,0,0,0
sample_1236,0,0,1,0
sample_1237,0,1,0,0
sample_1238,0,0,1,0
sample_1239,0,1,0,0
sample_1240,1,0,0,0
sample_1241,0,0,1,0
sample_1242,0,1,0,0
sample_1243,0,0,0,1
sample_1244,0,0,1,0
sample_1245,0.01,0,0.99,0
sample_1246,0,1,0,0
sample_1247,0,1,0,0
sample_1248,0,0,1,0
sample_1249,1,0,0,0
sample_1250,0,1,0,0
sample_1251,0,1,0,0
sample_1252,1,0,0,0
sample_1253,1,0,0,0
sample_1254,0,1,0,0
sample_1255,0.01,0.01,0.98,0.01
sample_1256,0,0,1,0
sample_1257,0,1,0,0
sample_1258,1,0,0,0
sample_1259,0,0,0,1
sample_1260,1,0,0,0
sample_1261,0,1,0,0
sample_1262,0,1,0,0
sample_1263,0,0,1,0
sample_1264,1,0,0,0
sample_1265,0,0,1,0
sample_1266,0,1,0,0
sample_1267,1,0,0,0
sample_1268,0,0,1,0
sample_1269,0,0,0,1
sample_1270,0.09,0.01,0.9,0
sample_1271,1,0,0,0
sample_1272,1,0,0,0
sample_1273,0.05,0.95,0,0
sample_1274,1,0,0,0
sample_1275,0.89,0.11,0,0
sample_1276,1,0,0,0
sample_1277,1,0,0,0
sample_1278,0,1,0,0
sample_1279,0,1,0,0
sample_1280,0,0,0,1
sample_1281,0,1,0,0
sample_1282,1,0,0,0
sample_1283,0,0,0,1
sample_1284,0,1,0,0
sample_1285,0,0,1,0
sample_1286,1,0,0,0
sample_1287,0,1,0,0
sample_1288,0,1,0,0
sample_1289,0,1,0,0
sample_1290,0,0,1,0
sample_1291,0,0,1,0
sample_1292,0,1,0,0
sample_1293,1,0,0,0
sample_1294,0,0,1,0
sample_1295,0,0.97,0.03,0
sample_1296,0,0,0,1
sample_1297,1,0,0,0
sample_1298,0,1,0,0
sample_1299,1,0,0,0
sample_1300,1,0,0,0
sample_1301,0,1,0,0
sample_1302,0,1,0,0
sample_1303,0,0,1,0
sample_1304,1,0,0,0
sample_1305,1,0,0,0
sample_1306,0,0.99,0,0
sample_1307,1,0,0,0
sample_1308,0,0,1,0
sample_1309,0,0,1,0
sample_1310,0,1,0,0
sample_1311,0,0,1,0
sample_1312,0,1,0,0
sample_1313,0,0,1,0
sample_1314,0,0,1,0
sample_1315,0.99,0,0,0
sample_1316,0,0,1,0
sample_1317,0,0,1,0
sample_1318,1,0,0,0
sample_1319,1,0,0,0
sample_1320,0.98,0.02,0,0
sample_1321,0,0,1,0
sample_1322,1,0,0,0
sample_1323,0,0,1,0
sample_1324,0,1,0,0
sample_1325,0.79,0.21,0,0
sample_1326,0.98,0,0.02,0
sample_1327,0,0,0,1
sample_1328,0,1,0,0
sample_1329,1,0,0,0
sample_1330,0,1,0,0
sample_1331,0,0,1,0
sample_1332,0,0,1,0
sample_1333,0,1,0,0
sample_1334,1,0,0,0
sample_1335,1,0,0,0
sample_1336,0,1,0,0
sample_1337,1,0,0,0
sample_1338,0,0,1,0
sample_1339,0,0,0,1
sample_1340,0,1,0,0
sample_1341,0,0,0,1
sample_1342,0,1,0,0
sample_1343,0,1,0,0
sample_1344,1,0,0,0
sample_1345,0,0,1,0
sample_1346,1,0,0,0
sample_1347,0,0,1,0
sample_1348,0,1,0,0
sample_1349,0,1,0,0
sample_1350,0,1,0,0
sample_1351,0,0,1,0
sample_1352,0,1,0,0
sample_1353,0,0,1,0
sample_1354,0,0,0,1
sample_1355,1,0,0,0
sample_1356,0.98,0.01,0.01,0.01
sample_1357,0,1,0,0
sample_1358,0,0,1,0
sample_1359,0.63,0,0.37,0
sample_1360,1,0,0,0
sample_1361,0,0,1,0
sample_1362,0,0,1,0
sample_1363,1,0,0,0
sample_1364,0.01,0.01,0.98,0
sample_1365,0,1,0,0
sample_1366,1,0,0,0
sample_1367,1,0,0,0
sample_1368,0,0,1,0
sample_1369,0,0,1,0
sample_1370,0.01,0.99,0,0
sample_1371,0,0,1,0
sample_1372,0,1,0,0
sample_1373,1,0,0,0
sample_1374,0,0,1,0
sample_1375,0,1,0,0
sample_1376,1,0,0,0
sample_1377,1,0,0,0
sample_1378,0,0,0,1
sample_1379,0.98,0.01,0.01,0
sample_1380,0,1,0,0
sample_1381,0,1,0,0
sample_1382,0,1,0,0
sample_1383,0,1,0,0
sample_1384,0,1,0,0
sample_1385,0,0,1,0
sample_1386,1,0,0,0
sample_1387,1,0,0,0
sample_1388,1,0,0,0
sample_1389,1,0,0,0
sample_1390,0,1,0,0
sample_1391,0,1,0,0
sample_1392,1,0,0,0
sample_1393,0.01,0,0.99,0
sample_1394,0,0,1,0
sample_1395,0,0,1,0
sample_1396,1,0,0,0
sample_1397,0,0,1,0
sample_1398,0,0,0,1
sample_1399,1,0,0,0
sample_1400,1,0,0,0
sample_1401,0,0,0,1
sample_1402,0,0,0,1
sample_1403,1,0,0,0
sample_1404,1,0,0,0
sample_1405,0,0,1,0
sample_1406,0,0,0,1
sample_1407,0,1,0,0
sample_1408,0,0,1,0
sample_1409,1,0,0,0
sample_1410,0,1,0,0
sample_1411,1,0,0,0
sample_1412,0,0,1,0
sample_1413,0,0.99,0,0
sample_1414,1,0,0,0
sample_1415,0,1,0,0
sample_1416,0,0,1,0
sample_1417,0,1,0,0
sample_1418,0,1,0,0
sample_1419,0,1,0,0
sample_1420,1,0,0,0
sample_1421,0,1,0,0
sample_1422,0,1,0,0
sample_1423,0,0,1,0
sample_1424,0,1,0,0
sample_1425,0,0,1,0
sample_1426,0,1,0,0
sample_1427,0,0,1,0
sample_1428,1,0,0,0
sample_1429,0,0,1,0
sample_1430,0,0,1,0
sample_1431,0,0,1,0
sample_1432,1,0,0,0
sample_1433,0,0,1,0
sample_1434,0,0,1,0
sample_1435,0,1,0,0
sample_1436,1,0,0,0
sample_1437,0,1,0,0
sample_1438,0,1,0,0
sample_1439,0,0,1,0
sample_1440,0,0,1,0
sample_1441,0,0,0,1
sample_1442,1,0,0,0
sample_1443,0,1,0,0
sample_1444,0.01,0.01,0.97,0.01
sample_1445,0,0,1,0
sample_1446,0,1,0,0
sample_1447,0,0,1,0
sample_1448,1,0,0,0
sample_1449,0,0,1,0
sample_1450,1,0,0,0
sample_1451,1,0,0,0
sample_1452,0,1,0,0
sample_1453,0,1,0,0
sample_1454,0,1,0,0
sample_1455,0,0,1,0
sample_1456,1,0,0,0
sample_1457,0,0,0,1
sample_1458,0.01,0.96,0.03,0
sample_1459,0,0,1,0
sample_1460,0,0,1,0
sample_1461,0,0,1,0
sample_1462,0.18,0.82,0,0
sample_1463,0,0,1,0
sample_1464,0,0,1,0
sample_1465,0,0,0,1
sample_1466,0,1,0,0
sample_1467,0,1,0,0
sample_1468,1,0,0,0
sample_1469,1,0,0,0
sample_1470,1,0,0,0
sample_1471,1,0,0,0
sample_1472,0,1,0,0
sample_1473,1,0,0,0
sample_1474,0,1,0,0
sample_1475,0,0,1,0
sample_1476,0.01,0.99,0,0
sample_1477,0,1,0,0
sample_1478,0,0,1,0
sample_1479,0,0,1,0
sample_1480,1,0,0,0
sample_1481,0,0,1,0
sample_1482,0,1,0,0
sample_1483,1,0,0,0
sample_1484,1,0,0,0
sample_1485,0,1,0,0
sample_1486,0,0,1,0
sample_1487,0,0,0,1
sample_1488,0,1,0,0
sample_1489,1,0,0,0
sample_1490,0,0,1,0
sample_1491,1,0,0,0
sample_1492,0,0,1,0
sample_1493,1,0,0,0
sample_1494,0,1,0,0
sample_1495,0,1,0,0
sample_1496,0,0,1,0
sample_1497,1,0,0,0
sample_1498,1,0,0,0
sample_1499,0,1,0,0
sample_1500,1,0,0,0
sample_1501,0.01,0,0.99,0
sample_1502,0,0,0,1
sample_1503,1,0,0,0
sample_1504,0,0,1,0
sample_1505,0,0,0,1
sample_1506,0,0,1,0
sample_1507,0,1,0,0
sample_1508,0,1,0,0
sample_1509,0,0.99,0.01,0
sample_1510,0.92,0,0.08,0
sample_1511,0,0,1,0
sample_1512,0,1,0,0
sample_1513,0.01,0.99,0,0
sample_1514,0,0,1,0
sample_1515,1,0,0,0
sample_1516,1,0,0,0
sample_1517,1,0,0,0
sample_1518,0,0,1,0
sample_1519,0,0,1,0
sample_1520,1,0,0,0
sample_1521,0,1,0,0
sample_1522,0,0,1,0
sample_1523,1,0,0,0
sample_1524,0,1,0,0
sample_1525,1,0,0,0
sample_1526,1,0,0,0
sample_1527,0.01,0,0.99,0
sample_1528,0,0,1,0
sample_1529,0,0,1,0
sample_1530,1,0,0,0
sample_1531,1,0,0,0
sample_1532,0,0,1,0
sample_1533,0,1,0,0
sample_1534,0,1,0,0
sample_1535,1,0,0,0
sample_1536,0,0,1,0
sample_1537,0,0,1,0
sample_1538,0,0,1,0
sample_1539,0,0,1,0
sample_1540,0,0,0,1
sample_1541,1,0,0,0
sample_1542,0,0,0,1
sample_1543,0,0,0,1
sample_1544,0,1,0,0
sample_1545,0.98,0,0.02,0
sample_1546,0,0,1,0
sample_1547,1,0,0,0
sample_1548,0,1,0,0
sample_1549,0,1,0,0
sample_1550,1,0,0,0
sample_1551,0,0,1,0
sample_1552,1,0,0,0
sample_1553,0,0,1,0
sample_1554,1,0,0,0
sample_1555,0,0,1,0
sample_1556,0,0.93,0.07,0
sample_1557,0,0,1,0
sample_1558,0,1,0,0
sample_1559,0,1,0,0
sample_1560,0,1,0,0
sample_1561,0,0,1,0
sample_1562,0,0,1,0
sample_1563,0.21,0.79,0,0
sample_1564,0,0,1,0
sample_1565,0,1,0,0
sample_1566,1,0,0,0
sample_1567,0,1,0,0
sample_1568,0,0,1,0
sample_1569,1,0,0,0
sample_1570,0.99,0,0.01,0
sample_1571,0,1,0,0
sample_1572,0,0,1,0
sample_1573,0,0,1,0
sample_1574,0,1,0,0
sample_1575,1,0,0,0
sample_1576,0,0,1,0
sample_1577,0,1,0,0
sample_1578,0,1,0,0
sample_1579,0,0,1,0
sample_1580,0,1,0,0
sample_1581,0,1,0,0
sample_1582,0,0.98,0.02,0
sample_1583,0,0,1,0
sample_1584,1,0,0,0
sample_1585,1,0,0,0
sample_1586,0,1,0,0
sample_1587,0,1,0,0
sample_1588,0,0,1,0
sample_1589,1,0,0,0
sample_1590,0,0,1,0
sample_1591,0,1,0,0
sample_1592,0.92,0.07,0,0
sample_1593,0,0,1,0
sample_1594,0.96,0.03,0.01,0
sample_1595,0,1,0,0
sample_1596,1,0,0,0
sample_1597,1,0,0,0
sample_1598,1,0,0,0
sample_1599,0,1,0,0
sample_1600,1,0,0,0
sample_1601,0,0,1,0
sample_1602,1,0,0,0
sample_1603,1,0,0,0
sample_1604,0,1,0,0
sample_1605,1,0,0,0
sample_1606,0,1,0,0
sample_1607,0,0,1,0
sample_1608,0,0,1,0
sample_1609,0,1,0,0
sample_1610,0,0,1,0
sample_1611,0,0,1,0
sample_1612,0,0,0,1
sample_1613,0,1,0,0
sample_1614,0,1,0,0
sample_1615,0,1,0,0
sample_1616,0,1,0,0
sample_1617,0,0,1,0
sample_1618,0,1,0,0
sample_1619,0.03,0.97,0,0
sample_1620,0,1,0,0
sample_1621,0,0,1,0
sample_1622,0,1,0,0
sample_1623,0,0.99,0,0
sample_1624,0.01,0.99,0,0
sample_1625,1,0,0,0
sample_1626,1,0,0,0
sample_1627,0.01,0,0.99,0
sample_1628,0,0,1,0
sample_1629,0,0,1,0
sample_1630,0,1,0,0
sample_1631,0,0,1,0
sample_1632,0.99,0.01,0,0
sample_1633,0,0,1,0
sample_1634,0,0,1,0
sample_1635,0.2,0,0.8,0
sample_1636,0,0,1,0
sample_1637,0,0,1,0
sample_1638,0,0,1,0
sample_1639,1,0,0,0
sample_1640,0,0,1,0
sample_1641,0,1,0,0
sample_1642,0,0,0,1
sample_1643,1,0,0,0
sample_1644,0,1,0,0
sample_1645,0,0,1,0
sample_1646,0,0,1,0
sample_1647,0,1,0,0
sample_1648,0.87,0.13,0,0
sample_1649,0.99,0,0,0
sample_1650,0,1,0,0
sample_1651,0,0,1,0
sample_1652,0,0,1,0
sample_1653,1,0,0,0
sample_1654,0.87,0.13,0,0
sample_1655,0,0,1,0
sample_1656,1,0,0,0
sample_1657,1,0,0,0
sample_1658,0,0,1,0
sample_1659,0,0,0,1
sample_1660,0,0,1,0
sample_1661,0,1,0,0
sample_1662,0.99,0,0.01,0
sample_1663,0,0,1,0
sample_1664,0,0,1,0
sample_1665,1,0,0,0
sample_1666,0,0,1,0
sample_1667,1,0,0,0
sample_1668,0,0,1,0
sample_1669,0,1,0,0
sample_1670,0,0,0,1
sample_1671,1,0,0,0
sample_1672,0,0.8,0.2,0
sample_1673,0,0,1,0
sample_1674,0,0,0,1
sample_1675,1,0,0,0
sample_1676,1,0,0,0
sample_1677,0,0,1,0
sample_1678,0,0,1,0
sample_1679,1,0,0,0
sample_1680,0,1,0,0
sample_1681,1,0,0,0
sample_1682,0.17,0.49,0.34,0
sample_1683,0.08,0,0.92,0
sample_1684,1,0,0,0
sample_1685,0,0,0,1
sample_1686,0,1,0,0
sample_1687,0,1,0,0
sample_1688,0,0,1,0
sample_1689,0,0,1,0
sample_1690,0,1,0,0
sample_1691,0,0,1,0
sample_1692,0,0,1,0
sample_1693,0,0,1,0
sample_1694,0.97,0,0.03,0
sample_1695,0.99,0,0,0
sample_1696,0,1,0,0
sample_1697,0,0,0,1
sample_1698,0,1,0,0
sample_1699,1,0,0,0
sample_1700,0,0,1,0
sample_1701,0,0,1,0
sample_1702,0,1,0,0
sample_1703,0,0,0,1
sample_1704,0,0,1,0
sample_1705,0,1,0,0
sample_1706,0,0,1,0
sample_1707,0,1,0,0
sample_1708,1,0,0,0
sample_1709,0,1,0,0
sample_1710,1,0,0,0
sample_1711,1,0,0,0
sample_1712,1,0,0,0
sample_1713,0,1,0,0
sample_1714,0,1,0,0
sample_1715,0,1,0,0
sample_1716,0,0.99,0.01,0
sample_1717,0,1,0,0
sample_1718,0,1,0,0
sample_1719,0,1,0,0
sample_1720,0,0,1,0
sample_1721,0,0,0,1
sample_1722,0,0,0,1
sample_1723,1,0,0,0
sample_1724,0,0,1,0
sample_1725,0.39,0.61,0,0
sample_1726,0,0,1,0
sample_1727,0.91,0.08,0,0
sample_1728,1,0,0,0
sample_1729,0,0,0,1
sample_1730,0,1,0,0
sample_1731,0,0,0,1
sample_1732,0,0,1,0
sample_1733,1,0,0,0
sample_1734,0,1,0,0
sample_1735,1,0,0,0
sample_1736,0,0,0,1
sample_1737,0,0,1,0
sample_1738,0,1,0,0
sample_1739,0,0,0,1
sample_1740,0,0,1,0
sample_1741,0,0,1,0
sample_1742,0.99,0,0,0
sample_1743,0,1,0,0
sample_1744,0,1,0,0
sample_1745,0,1,0,0
sample_1746,0,0,1,0
sample_1747,0,1,0,0
sample_1748,1,0,0,0
sample_1749,0,1,0,0
sample_1750,0,0,1,0
sample_1751,0,0,0,1
sample_1752,0.05,0.95,0,0
sample_1753,0,1,0,0
sample_1754,0,0,1,0
sample_1755,0,1,0,0
sample_1756,0,1,0,0
sample_1757,0,0,1,0
sample_1758,0,0,1,0
sample_1759,0,1,0,0
sample_1760,0,1,0,0
sample_1761,0,1,0,0
sample_1762,1,0,0,0
sample_1763,0,0,1,0
sample_1764,0,0,1,0
sample_1765,0,0,1,0
sample_1766,0,0,1,0
sample_1767,0,1,0,0
sample_1768,1,0,0,0
sample_1769,1,0,0,0
sample_1770,1,0,0,0
sample_1771,0,1,0,0
sample_1772,0.99,0,0.01,0
sample_1773,0,0,1,0
sample_1774,0,0,1,0
sample_1775,1,0,0,0
sample_1776,0,0,1,0
sample_1777,0,1,0,0
sample_1778,0,1,0,0
sample_1779,0.88,0.01,0.1,0.01
sample_1780,0,1,0,0
sample_1781,1,0,0,0
sample_1782,1,0,0,0
sample_1783,0.01,0,0.99,0
sample_1784,1,0,0,0
sample_1785,1,0,0,0
sample_1786,1,0,0,0
sample_1787,0,0.83,0.17,0
sample_1788,0,1,0,0
sample_1789,0,1,0,0
sample_1790,0,0,1,0
sample_1791,1,0,0,0
sample_1792,0,1,0,0
sample_1793,0.01,0.99,0,0
sample_1794,0.01,0.01,0.96,0.01
sample_1795,0,0,1,0
sample_1796,0,0.99,0.01,0
sample_1797,1,0,0,0
sample_1798,0,1,0,0
sample_1799,0,1,0,0
sample_1800,1,0,0,0
sample_1801,0,0,1,0
sample_1802,1,0,0,0
sample_1803,1,0,0,0
sample_1804,0,0,1,0
sample_1805,0,1,0,0
sample_1806,0,1,0,0
sample_1807,1,0,0,0
sample_1808,1,0,0,0
sample_1809,0,1,0,0
sample_1810,0,1,0,0
sample_1811,0,1,0,0
sample_1812,1,0,0,0
sample_1813,0.11,0,0.89,0
sample_1814,1,0,0,0
sample_1815,0,1,0,0
sample_1816,1,0,0,0
sample_1817,0,0,1,0
sample_1818,1,0,0,0
sample_1819,0,0,1,0
sample_1820,0,1,0,0
sample_1821,0,0,0,1
sample_1822,0,1,0,0
sample_1823,1,0,0,0
sample_1824,0.89,0.01,0.1,0.01
sample_1825,0,1,0,0
sample_1826,0,0,1,0
sample_1827,1,0,0,0
sample_1828,1,0,0,0
sample_1829,0,1,0,0
sample_1830,0,0,1,0
sample_1831,0,0,1,0
sample_1832,0,0,1,0
sample_1833,0,0,0,1
sample_1834,0,1,0,0
sample_1835,0,1,0,0
sample_1836,0,1,0,0
sample_1837,0.01,0,0.99,0
sample_1838,1,0,0,0
sample_1839,0,1,0,0
sample_1840,0,1,0,0
sample_1841,0,0,1,0
sample_1842,0,1,0,0
sample_1843,0,0,1,0
sample_1844,1,0,0,0
sample_1845,1,0,0,0
sample_1846,0,0,0,1
sample_1847,1,0,0,0
sample_1848,0.98,0,0.02,0
sample_1849,0,0,1,0
sample_1850,1,0,0,0
sample_1851,0,1,0,0
sample_1852,0,1,0,0
sample_1853,1,0,0,0
sample_1854,0,0,1,0
sample_1855,0.1,0.01,0.9,0
sample_1856,1,0,0,0
sample_1857,0.97,0.03,0,0
sample_1858,0,1,0,0
sample_1859,0,0,1,0
sample_1860,0,0,1,0
sample_1861,0.06,0,0.94,0
sample_1862,0,0,1,0
sample_1863,0,0,1,0
sample_1864,0,1,0,0
sample_1865,0,0,0,1
sample_1866,0.95,0,0.05,0
sample_1867,0,1,0,0
sample_1868,1,0,0,0
sample_1869,0,0.01,0.99,0
sample_1870,0,1,0,0
sample_1871,0,1,0,0
sample_1872,0,1,0,0
sample_1873,0,1,0,0
sample_1874,1,0,0,0
sample_1875,0.01,0.01,0.97,0
sample_1876,1,0,0,0
sample_1877,1,0,0,0
sample_1878,1,0,0,0
sample_1879,0,0,1,0
sample_1880,0,1,0,0
sample_1881,0,0,1,0
sample_1882,1,0,0,0
sample_1883,1,0,0,0
sample_1884,1,0,0,0
sample_1885,0,1,0,0
sample_1886,0.92,0,0.07,0
sample_1887,0,1,0,0
sample_1888,1,0,0,0
sample_1889,0,1,0,0
sample_1890,1,0,0,0
sample_1891,1,0,0,0
sample_1892,0.14,0.84,0.02,0
sample_1893,0.04,0.04,0.88,0.04
sample_1894,0,0,1,0
sample_1895,0,1,0,0
sample_1896,0,1,0,0
sample_1897,1,0,0,0
sample_1898,0,0,1,0
sample_1899,0,1,0,0
sample_1900,0,1,0,0
sample_1901,1,0,0,0
sample_1902,0,1,0,0
sample_1903,0,0,1,0
sample_1904,0,1,0,0
sample_1905,0,0,1,0
sample_1906,0,0,0,1
sample_1907,0,1,0,0
sample_1908,0,0,0,1
sample_1909,1,0,0,0
sample_1910,0,0,1,0
sample_1911,0.4,0,0.6,0
sample_1912,0,0,1,0
sample_1913,1,0,0,0
sample_1914,0,1,0,0
sample_1915,0,1,0,0
sample_1916,0,0,1,0
sample_1917,0,0,0,1
sample_1918,0,0,1,0
sample_1919,0,1,0,0
sample_1920,1,0,0,0
sample_1921,0,0,1,0
sample_1922,0,0,1,0
sample_1923,0,1,0,0
sample_1924,0.99,0.01,0,0
sample_1925,0,0,1,0
sample_1926,0,0,1,0
sample_1927,0,0,1,0
sample_1928,0,1,0,0
sample_1929,0,1,0,0
sample_1930,0.99,0,0.01,0
sample_1931,0,1,0,0
sample_1932,0,0,0,1
sample_1933,0,1,0,0
sample_1934,0,0,1,0
sample_1935,1,0,0,0
sample_1936,1,0,0,0
sample_1937,0,1,0,0
sample_1938,0,1,0,0
sample_1939,1,0,0,0
sample_1940,1,0,0,0
sample_1941,0,1,0,0
sample_1942,1,0,0,0
sample_1943,0.12,0.85,0.03,0
sample_1944,0,1,0,0
sample_1945,0.96,0.01,0.01,0.01
sample_1946,0,0,1,0
sample_1947,0,1,0,0
sample_1948,1,0,0,0
sample_1949,0.63,0.36,0,0
sample_1950,1,0,0,0
sample_1951,0,1,0,0
sample_1952,0.98,0.02,0,0
sample_1953,1,0,0,0
sample_1954,0,0,1,0
sample_1955,0,1,0,0
sample_1956,0.99,0,0.01,0
sample_1957,0,1,0,0
sample_1958,0,0,0,1
sample_1959,0,0,1,0
sample_1960,0,1,0,0
sample_1961,0,1,0,0
sample_1962,0,0,0.99,0
sample_1963,0,0,1,0
sample_1964,0,0,1,0
sample_1965,1,0,0,0
sample_1966,1,0,0,0
sample_1967,0,0,1,0
sample_1968,0.01,0,0.99,0
sample_1969,0,0,1,0
sample_1970,0,0,1,0
sample_1971,0,0,0,1
sample_1972,1,0,0,0
sample_1973,1,0,0,0
sample_1974,0,1,0,0
sample_1975,0,0,1,0
sample_1976,0,1,0,0
sample_1977,0,0,1,0
sample_1978,0,0,1,0
sample_1979,1,0,0,0
sample_1980,0,0,0,1
sample_1981,1,0,0,0
sample_1982,0,1,0,0
sample_1983,1,0,0,0
sample_1984,0,0,1,0
sample_1985,0,1,0,0
sample_1986,1,0,0,0
sample_1987,0,1,0,0
sample_1988,1,0,0,0
sample_1989,0.7,0.24,0.06,0
sample_1990,1,0,0,0
sample_1991,0,0,1,0
sample_1992,0,0,1,0
sample_1993,0,0,1,0
sample_1994,0,0,0,1
sample_1995,1,0,0,0
sample_1996,0,0,0,1
sample_1997,0,0,1,0
sample_1998,0,1,0,0
sample_1999,0,0,1,0
sample_2000,0,0,0,1
sample_2001,0.05,0,0.94,0
sample_2002,1,0,0,0
sample_2003,0,0,1,0
sample_2004,0,1,0,0
sample_2005,0,0,1,0
sample_2006,1,0,0,0
sample_2007,1,0,0,0
sample_2008,0,0,1,0
sample_2009,1,0,0,0
sample_2010,0,0,1,0
sample_2011,1,0,0,0
sample_2012,0,0,1,0
sample_2013,0,1,0,0
sample_2014,1,0,0,0
sample_2015,0,1,0,0
sample_2016,1,0,0,0
sample_2017,0,0,1,0
sample_2018,0.98,0,0.02,0
sample_2019,0.47,0.11,0.41,0
sample_2020,1,0,0,0
sample_2021,0.22,0.78,0,0
sample_2022,1,0,0,0
sample_2023,0,1,0,0
sample_2024,0,1,0,0
sample_2025,0,1,0,0
sample_2026,0,0,1,0
sample_2027,0,0,1,0
sample_2028,0.96,0,0.04,0
sample_2029,0,0,1,0
sample_2030,0,1,0,0
sample_2031,0,0,1,0
sample_2032,0,0,1,0
sample_2033,0,1,0,0
sample_2034,0,0,1,0
sample_2035,0,0,1,0
sample_2036,0.98,0.02,0,0
sample_2037,1,0,0,0
sample_2038,0,1,0,0
sample_2039,0,1,0,0
sample_2040,0,0,1,0
sample_2041,0,1,0,0
sample_2042,0,0,1,0
sample_2043,1,0,0,0
sample_2044,1,0,0,0
sample_2045,1,0,0,0
sample_2046,0,1,0,0
sample_2047,0,0,1,0
sample_2048,1,0,0,0
sample_2049,1,0,0,0
sample_2050,0,1,0,0
sample_2051,0,0,1,0
sample_2052,0,0,0,1
sample_2053,1,0,0,0
sample_2054,0.01,0.99,0,0
sample_2055,1,0,0,0
sample_2056,0,0,1,0
sample_2057,1,0,0,0
sample_2058,0,0,1,0
sample_2059,0.01,0,0.99,0
sample_2060,0,0,1,0
sample_2061,0,0,0,1
sample_2062,0,1,0,0
sample_2063,0,1,0,0
sample_2064,0,0,1,0
sample_2065,0,1,0,0
sample_2066,0,0,1,0
sample_2067,0,0,1,0
sample_2068,0,0,0,1
sample_2069,0,0,1,0
sample_2070,0,1,0,0
sample_2071,0,0,1,0
sample_2072,1,0,0,0
sample_2073,0,0,0,1
sample_2074,0,1,0,0
sample_2075,0,1,0,0
sample_2076,0.01,0,0.99,0
sample_2077,0,1,0,0
sample_2078,0,0,1,0
sample_2079,0,1,0,0
sample_2080,0,1,0,0
sample_2081,0,1,0,0
sample_2082,1,0,0,0
sample_2083,0,0.99,0.01,0
sample_2084,0.01,0,0.99,0
sample_2085,0,1,0,0
sample_2086,0,0,0,1
sample_2087,0,0,1,0
sample_2088,1,0,0,0
sample_2089,0,1,0,0
sample_2090,1,0,0,0
sample_2091,0.96,0,0.04,0
sample_2092,0,0,1,0
sample_2093,0,1,0,0
sample_2094,0,0,1,0
sample_2095,0.99,0,0.01,0
sample_2096,0,1,0,0
sample_2097,0,1,0,0
sample_2098,0,0,1,0
sample_2099,0,0,1,0
sample_2100,0,0,1,0
sample_2101,0,1,0,0
sample_2102,0.02,0.98,0,0
sample_2103,1,0,0,0
sample_2104,0,0,1,0
sample_2105,1,0,0,0
sample_2106,1,0,0,0
sample_2107,1,0,0,0
sample_2108,0,1,0,0
sample_2109,0,1,0,0
sample_2110,0,0,1,0
sample_2111,1,0,0,0
sample_2112,0,1,0,0
sample_2113,0,1,0,0
sample_2114,0.89,0,0.11,0
sample_2115,0,1,0,0
sample_2116,0.03,0.97,0,0
sample_2117,0,0,1,0
sample_2118,0.19,0.81,0,0
sample_2119,0,1,0,0
sample_2120,0.99,0,0,0
sample_2121,0,1,0,0
sample_2122,0,1,0,0
sample_2123,1,0,0,0
sample_2124,1,0,0,0
sample_2125,1,0,0,0
sample_2126,1,0,0,0
sample_2127,1,0,0,0
sample_2128,0,0,1,0
sample_2129,0,1,0,0
sample_2130,0,0,0,1
sample_2131,0.98,0,0.02,0
sample_2132,0,1,0,0
sample_2133,0,0.98,0.02,0
sample_2134,0,0,1,0
sample_2135,0,1,0,0
sample_2136,1,0,0,0
sample_2137,1,0,0,0
sample_2138,1,0,0,0
sample_2139,1,0,0,0
sample_2140,1,0,0,0
sample_2141,0,0,1,0
sample_2142,0,1,0,0
sample_2143,1,0,0,0
sample_2144,0,0,0,1
sample_2145,0.03,0.01,0.96,0.01
sample_2146,0,0,1,0
sample_2147,1,0,0,0
sample_2148,0,1,0,0
sample_2149,1,0,0,0
sample_2150,1,0,0,0
sample_2151,0,1,0,0
sample_2152,0,1,0,0
sample_2153,0,0,1,0
sample_2154,0,0,1,0
sample_2155,0,0,1,0
sample_2156,0,1,0,0
sample_2157,0,1,0,0
sample_2158,1,0,0,0
sample_2159,0,0,1,0
sample_2160,0,0,0,1
sample_2161,0,0,0,1
sample_2162,1,0,0,0
sample_2163,0,0,1,0
sample_2164,0,1,0,0
sample_2165,0,1,0,0
sample_2166,0,0,1,0
sample_2167,0,1,0,0
sample_2168,0,0.71,0.29,0
sample_2169,1,0,0,0
sample_2170,0,0,1,0
sample_2171,0,0,1,0
sample_2172,1,0,0,0
sample_2173,1,0,0,0
sample_2174,0,0,1,0
sample_2175,1,0,0,0
sample_2176,0,0.01,0.99,0
sample_2177,1,0,0,0
sample_2178,0,1,0,0
sample_2179,0,0,0,1
sample_2180,1,0,0,0
sample_2181,0.99,0,0,0
sample_2182,0.34,0.65,0,0
sample_2183,0,1,0,0
sample_2184,0,0,1,0
sample_2185,0,0,0,1
sample_2186,1,0,0,0
sample_2187,0,0,1,0
sample_2188,0,0,1,0
sample_2189,1,0,0,0
sample_2190,0,0,0,1
sample_2191,0,1,0,0
sample_2192,0,0,1,0
sample_2193,0,1,0,0
sample_2194,0,0,1,0
sample_2195,1,0,0,0
sample_2196,0.5,0.47,0.02,0
sample_2197,0,1,0,0
sample_2198,0,0,1,0
sample_2199,1,0,0,0
sample_2200,1,0,0,0
sample_2201,1,0,0,0
sample_2202,0,1,0,0
sample_2203,0,0,0,1
sample_2204,0,0,0,1
sample_2205,0,1,0,0
sample_2206,0,1,0,0
sample_2207,1,0,0,0
sample_2208,0,0,1,0
sample_2209,1,0,0,0
sample_2210,1,0,0,0
sample_2211,0,1,0,0
sample_2212,1,0,0,0
sample_2213,0.02,0.98,0,0
sample_2214,0,1,0,0
sample_2215,1,0,0,0
sample_2216,0,0,1,0
sample_2217,0,1,0,0
sample_2218,1,0,0,0
sample_2219,0,1,0,0
sample_2220,0,0,1,0
sample_2221,0,1,0,0
sample_2222,0.09,0,0.91,0
sample_2223,0.01,0,0.99,0
sample_2224,0,0,0,1
sample_2225,0,1,0,0
sample_2226,1,0,0,0
sample_2227,1,0,0,0
sample_2228,0,0,1,0
sample_2229,0,0,1,0
sample_2230,0,0,1,0
sample_2231,0,0,1,0
sample_2232,0,1,0,0
sample_2233,0,0,1,0
sample_2234,1,0,0,0
sample_2235,0,0,1,0
sample_2236,1,0,0,0
sample_2237,0,1,0,0
sample_2238,0,0,0,1
sample_2239,0,0,0,1
sample_2240,0.99,0,0.01,0
sample_2241,0,0.99,0.01,0
sample_2242,1,0,0,0
sample_2243,0,0,0,1
sample_2244,0,1,0,0
sample_2245,0,0,1,0
sample_2246,1,0,0,0
sample_2247,0,0,0,1
sample_2248,0,1,0,0
sample_2249,0,0,0,1
sample_2250,0,0,1,0
sample_2251,0.08,0.59,0.26,0.07
sample_2252,0,0,1,0
sample_2253,0,1,0,0
sample_2254,1,0,0,0
sample_2255,0,1,0,0
sample_2256,0,1,0,0
sample_2257,1,0,0,0
sample_2258,0,1,0,0
sample_2259,0,0,1,0
sample_2260,1,0,0,0
sample_2261,1,0,0,0
sample_2262,0,0,1,0
sample_2263,0,1,0,0
sample_2264,0,0,1,0
sample_2265,1,0,0,0
sample_2266,0,1,0,0
sample_2267,0,1,0,0
sample_2268,0,1,0,0
sample_2269,0,1,0,0
sample_2270,0,0,1,0
sample_2271,0,0,0,1
sample_2272,0,1,0,0
sample_2273,0,0,1,0
sample_2274,0,1,0,0
sample_2275,0,1,0,0
sample_2276,0,1,0,0
sample_2277,0,0,1,0
sample_2278,1,0,0,0
sample_2279,0,0,1,0
sample_2280,1,0,0,0
sample_2281,0,1,0,0
sample_2282,0,0,1,0
sample_2283,0,0,1,0
sample_2284,1,0,0,0
sample_2285,1,0,0,0
sample_2286,0.99,0.01,0,0
sample_2287,0,0,1,0
sample_2288,0,1,0,0
sample_2289,0,1,0,0
sample_2290,0,0,1,0
sample_2291,0,0,1,0
sample_2292,0,1,0,0
sample_2293,0,0,1,0
sample_2294,0.87,0,0.13,0
sample_2295,1,0,0,0
sample_2296,0,0,1,0
sample_2297,0,0,1,0
sample_2298,0.82,0.18,0,0
sample_2299,0,1,0,0
sample_2300,0,0,1,0
sample_2301,0.99,0,0.01,0
sample_2302,0,1,0,0
sample_2303,1,0,0,0
sample_2304,0,1,0,0
sample_2305,0,0,1,0
sample_2306,1,0,0,0
sample_2307,0,1,0,0
sample_2308,0,0,1,0
sample_2309,0,1,0,0
sample_2310,0,1,0,0
sample_2311,0,0,1,0
sample_2312,0,0,1,0
sample_2313,0,0,1,0
sample_2314,0,0,1,0
sample_2315,0,1,0,0
sample_2316,0,0,0,1
sample_2317,0,0,1,0
sample_2318,1,0,0,0
sample_2319,0,1,0,0
sample_2320,1,0,0,0
sample_2321,1,0,0,0
sample_2322,0,1,0,0
sample_2323,1,0,0,0
sample_2324,0,0,1,0
sample_2325,1,0,0,0
sample_2326,0.99,0.01,0,0
sample_2327,0,0,0,1
sample_2328,0.99,0,0.01,0
sample_2329,0,0,0,1
sample_2330,1,0,0,0
sample_2331,0,1,0,0
sample_2332,0,0,0,1
sample_2333,0,1,0,0
sample_2334,0,0,1,0
sample_2335,0,1,0,0
sample_2336,1,0,0,0
sample_2337,0,0,1,0
sample_2338,0,1,0,0
sample_2339,0.02,0.98,0,0
sample_2340,0,0,0,1
sample_2341,0,0,1,0
sample_2342,0,1,0,0
sample_2343,0.01,0,0.99,0
sample_2344,1,0,0,0
sample_2345,0.99,0.01,0,0
sample_2346,0,0,1,0
sample_2347,0,1,0,0
sample_2348,0,0,0,1
sample_2349,0,0,1,0
sample_2350,0,0,1,0
sample_2351,0.04,0.96,0,0
sample_2352,0,0,1,0
sample_2353,0,1,0,0
sample_2354,0,1,0,0
sample_2355,0,0,0,1
sample_2356,0,0,1,0
sample_2357,0,1,0,0
sample_2358,0,0,0,1
sample_2359,0,0.56,0.44,0
sample_2360,1,0,0,0
sample_2361,1,0,0,0
sample_2362,0,1,0,0
sample_2363,0.01,0.99,0,0
sample_2364,0,1,0,0
sample_2365,0.96,0,0.04,0
sample_2366,0,0,1,0
sample_2367,0,0,1,0
sample_2368,0,0,1,0
sample_2369,0,0,1,0
sample_2370,0,1,0,0
sample_2371,0.09,0.91,0,0
sample_2372,0,0,1,0
sample_2373,0,1,0,0
sample_2374,0,0,0,1
sample_2375,1,0,0,0
sample_2376,0,0,1,0
sample_2377,0,0,1,0
sample_2378,0,0.27,0.73,0
sample_2379,0,1,0,0
sample_2380,0,0,1,0
sample_2381,0,0,0.99,0
sample_2382,1,0,0,0
sample_2383,0,0,0,1
sample_2384,0.01,0.99,0,0
sample_2385,1,0,0,0
sample_2386,0,0,0,1
sample_2387,0,0,0,1
sample_2388,0,1,0,0
sample_2389,0,0,1,0
sample_2390,0,0,1,0
sample_2391,0,0,1,0
sample_2392,0,1,0,0
sample_2393,0,1,0,0
sample_2394,1,0,0,0
sample_2395,0,0,1,0
sample_2396,0,0,1,0
sample_2397,0,1,0,0
sample_2398,0,0,1,0
sample_2399,0,1,0,0
sample_2400,1,0,0,0
sample_2401,0,0,1,0
sample_2402,0,0,1,0
sample_2403,1,0,0,0
sample_2404,0,0,1,0
sample_2405,1,0,0,0
sample_2406,0,0.99,0.01,0
sample_2407,1,0,0,0
sample_2408,1,0,0,0
sample_2409,0,1,0,0
sample_2410,0,0,1,0
sample_2411,0,1,0,0
sample_2412,0,1,0,0
sample_2413,1,0,0,0
sample_2414,1,0,0,0
sample_2415,1,0,0,0
sample_2416,0,0,1,0
sample_2417,0,1,0,0
sample_2418,0,0.08,0.91,0
sample_2419,0,0,1,0
sample_2420,0,0.72,0.28,0
sample_2421,0,0,0,1
sample_2422,1,0,0,0
sample_2423,0.98,0.02,0,0
sample_2424,0,0,1,0
sample_2425,0,1,0,0
sample_2426,0,0,1,0
sample_2427,1,0,0,0
sample_2428,0,0,1,0
sample_2429,0,0,1,0
sample_2430,0,0,1,0
sample_2431,0,0,1,0
sample_2432,1,0,0,0
sample_2433,0,0,0,1
sample_2434,1,0,0,0
sample_2435,1,0,0,0
sample_2436,0,1,0,0
sample_2437,1,0,0,0
sample_2438,0,1,0,0
sample_2439,1,0,0,0
sample_2440,0,0,1,0
sample_2441,0,0,0,1
sample_2442,0,0,1,0
sample_2443,0,0,1,0
sample_2444,0.99,0,0.01,0
sample_2445,0,0,1,0
sample_2446,0,1,0,0
sample_2447,1,0,0,0
sample_2448,0,1,0,0
sample_2449,0,0,1,0
sample_2450,0,1,0,0
sample_2451,0.31,0.01,0.68,0
sample_2452,0,1,0,0
sample_2453,1,0,0,0
sample_2454,1,0,0,0
sample_2455,0,1,0,0
sample_2456,1,0,0,0
sample_2457,0.99,0,0.01,0
sample_2458,0,1,0,0
sample_2459,0,0,1,0
sample_2460,0,1,0,0
sample_2461,0,1,0,0
sample_2462,0,1,0,0
sample_2463,0,1,0,0
sample_2464,0,0,1,0
sample_2465,1,0,0,0
sample_2466,0,1,0,0
sample_2467,1,0,0,0
sample_2468,0,0,1,0
sample_2469,0,1,0,0
sample_2470,1,0,0,0
sample_2471,0,1,0,0
sample_2472,0,1,0,0
sample_2473,1,0,0,0
sample_2474,1,0,0,0
sample_2475,0,1,0,0
sample_2476,0,1,0,0
sample_2477,1,0,0,0
sample_2478,0.04,0.75,0.21,0
sample_2479,1,0,0,0
sample_2480,0,0,1,0
sample_2481,0.94,0.06,0,0
sample_2482,0.01,0.99,0,0
sample_2483,0,0,0,1
sample_2484,1,0,0,0
sample_2485,0,0,0,1
sample_2486,1,0,0,0
sample_2487,0,0.99,0,0
sample_2488,0.96,0.04,0,0
sample_2489,1,0,0,0
sample_2490,0,0,0,1
sample_2491,1,0,0,0
sample_2492,0,0,1,0
sample_2493,1,0,0,0
sample_2494,0,1,0,0
sample_2495,1,0,0,0
sample_2496,0,1,0,0
sample_2497,0,1,0,0
sample_2498,1,0,0,0
sample_2499,1,0,0,0
sample_2500,1,0,0,0
sample_2501,1,0,0,0
sample_2502,1,0,0,0
sample_2503,0,0,1,0
sample_2504,0,0,1,0
sample_2505,0,1,0,0
sample_2506,0,0,1,0
sample_2507,1,0,0,0
sample_2508,1,0,0,0
sample_2509,0,0,1,0
sample_2510,0,1,0,0
sample_2511,0,0,1,0
sample_2512,0,1,0,0
sample_2513,0,0,1,0
sample_2514,0,1,0,0
sample_2515,1,0,0,0
sample_2516,0,1,0,0
sample_2517,0,1,0,0
sample_2518,0,1,0,0
sample_2519,0,1,0,0
sample_2520,0,1,0,0
sample_2521,0.02,0,0.98,0
sample_2522,1,0,0,0
sample_2523,1,0,0,0
sample_2524,0,1,0,0
sample_2525,1,0,0,0
sample_2526,0,0,0,1
sample_2527,1,0,0,0
sample_2528,0,0,1,0
sample_2529,0,1,0,0
sample_2530,1,0,0,0
sample_2531,0,0,1,0
sample_2532,0,1,0,0
sample_2533,0,0,1,0
sample_2534,0,0,0,1
sample_2535,0,0,1,0
sample_2536,1,0,0,0
sample_2537,0,0,0,1
sample_2538,0,0,0,1
sample_2539,0,0,1,0
sample_2540,0,0,1,0
sample_2541,1,0,0,0
sample_2542,1,0,0,0
sample_2543,0,0,1,0
sample_2544,0.99,0,0.01,0
sample_2545,1,0,0,0
sample_2546,0,0,1,0
sample_2547,1,0,0,0
sample_2548,0,1,0,0
sample_2549,1,0,0,0
sample_2550,0,0,0,1
sample_2551,0,0,1,0
sample_2552,0,1,0,0
sample_2553,0,1,0,0
sample_2554,0,0,1,0
sample_2555,1,0,0,0
sample_2556,0,1,0,0
sample_2557,0,1,0,0
sample_2558,1,0,0,0
sample_2559,0,0,1,0
sample_2560,0.01,0,0.99,0
sample_2561,0.99,0.01,0,0
sample_2562,1,0,0,0
sample_2563,1,0,0,0
sample_2564,1,0,0,0
sample_2565,0,1,0,0
sample_2566,0.03,0.97,0,0
sample_2567,0,1,0,0
sample_2568,1,0,0,0
sample_2569,0,0,0,1
sample_2570,0,1,0,0
sample_2571,1,0,0,0
sample_2572,0,1,0,0
sample_2573,0,1,0,0
sample_2574,0,0,1,0
sample_2575,0,0,1,0
sample_2576,0,0,0,1
sample_2577,0,1,0,0
sample_2578,0,0,1,0
sample_2579,0,1,0,0
sample_2580,0,1,0,0
sample_2581,0,1,0,0
sample_2582,0,0,1,0
sample_2583,1,0,0,0
sample_2584,0,1,0,0
sample_2585,1,0,0,0
sample_2586,0,0,1,0
sample_2587,1,0,0,0
sample_2588,0,0,1,0
sample_2589,0,0,1,0
sample_2590,1,0,0,0
sample_2591,0,1,0,0
sample_2592,0,1,0,0
sample_2593,0,0,1,0
sample_2594,0,1,0,0
sample_2595,1,0,0,0
sample_2596,0,1,0,0
sample_2597,1,0,0,0
sample_2598,0,0,1,0
sample_2599,1,0,0,0
sample_2600,0,0,1,0
sample_2601,1,0,0,0
sample_2602,1,0,0,0
sample_2603,0,0,1,0
sample_2604,1,0,0,0
sample_2605,0,1,0,0
sample_2606,0,0,0,1
sample_2607,1,0,0,0
sample_2608,1,0,0,0
sample_2609,1,0,0,0
sample_2610,1,0,0,0
sample_2611,0,0,1,0
sample_2612,1,0,0,0
sample_2613,0,1,0,0
sample_2614,0,0,1,0
sample_2615,0,0,1,0
sample_2616,1,0,0,0
sample_2617,0,1,0,0
sample_2618,0,1,0,0
sample_2619,0,0,1,0
sample_2620,0,0,0,1
sample_2621,0,1,0,0
sample_2622,1,0,0,0
sample_2623,1,0,0,0
sample_2624,0,0,0,1
sample_2625,0,1,0,0
sample_2626,0,1,0,0
sample_2627,0,0,1,0
sample_2628,0,0,1,0
sample_2629,0,1,0,0
sample_2630,0,0,0,1
sample_2631,1,0,0,0
sample_2632,0,0,1,0
sample_2633,0,0,0,1
sample_2634,0,0,1,0
sample_2635,0,0,0,1
sample_2636,0.97,0.03,0,0
sample_2637,0.96,0.04,0,0
sample_2638,0,1,0,0
sample_2639,0,0,0,1
sample_2640,0,0,1,0
sample_2641,1,0,0,0
sample_2642,0,1,0,0
sample_2643,0,1,0,0
sample_2644,1,0,0,0
sample_2645,1,0,0,0
sample_2646,0,1,0,0
sample_2647,1,0,0,0
sample_2648,1,0,0,0
sample_2649,0,0,0,1
sample_2650,0,0,0,1
sample_2651,0,0,1,0
sample_2652,1,0,0,0
sample_2653,0.01,0,0.99,0
sample_2654,0,0,1,0
sample_2655,0,0,1,0
sample_2656,1,0,0,0
sample_2657,0,0,1,0
sample_2658,0,0,1,0
sample_2659,0,0,1,0
sample_2660,0,1,0,0
sample_2661,0.99,0.01,0,0
sample_2662,0,1,0,0
sample_2663,0,1,0,0
sample_2664,0,0,1,0
sample_2665,0,0,1,0
sample_2666,0,1,0,0
sample_2667,1,0,0,0
sample_2668,0.04,0.83,0.12,0
sample_2669,1,0,0,0
sample_2670,1,0,0,0
sample_2671,0,0,1,0
sample_2672,0,1,0,0
sample_2673,0,1,0,0
sample_2674,0,0,1,0
sample_2675,0,0,1,0
sample_2676,0,1,0,0
sample_2677,0,0,1,0
sample_2678,1,0,0,0
sample_2679,1,0,0,0
sample_2680,0,1,0,0
sample_2681,0,0,1,0
sample_2682,0,0,1,0
sample_2683,1,0,0,0
sample_2684,1,0,0,0
sample_2685,1,0,0,0
sample_2686,0,0,1,0
sample_2687,0,0,0,1
sample_2688,0,1,0,0
sample_2689,1,0,0,0
sample_2690,0,1,0,0
sample_2691,0,1,0,0
sample_2692,0,1,0,0
sample_2693,0,0,1,0
sample_2694,0,1,0,0
sample_2695,0,0,1,0
sample_2696,0,0,0,1
sample_2697,0,1,0,0
sample_2698,0,1,0,0
sample_2699,0,0,1,0
sample_2700,0,1,0,0
sample_2701,0,1,0,0
sample_2702,0,1,0,0
sample_2703,0,0,0,1
sample_2704,1,0,0,0
sample_2705,0,0,0,1
sample_2706,0,0,1,0
sample_2707,0,1,0,0
sample_2708,0,0,1,0
sample_2709,0,1,0,0
sample_2710,0,0,1,0
sample_2711,0,0,1,0
sample_2712,0,0,1,0
sample_2713,1,0,0,0
sample_2714,0,1,0,0
sample_2715,0,1,0,0
sample_2716,0,1,0,0
sample_2717,0,0,1,0
sample_2718,1,0,0,0
sample_2719,0,0,0,1
sample_2720,0,1,0,0
sample_2721,0,1,0,0
sample_2722,0,0,0,1
sample_2723,0,0,0,1
sample_2724,0,0,1,0
sample_2725,1,0,0,0
sample_2726,0,1,0,0
sample_2727,0,1,0,0
sample_2728,0,1,0,0
sample_2729,0,0,0,1
sample_2730,0,1,0,0
sample_2731,0,0,1,0
sample_2732,0,0,1,0
sample_2733,0,1,0,0
sample_2734,0.01,0.99,0,0
sample_2735,0,0,1,0
sample_2736,0,0,1,0
sample_2737,1,0,0,0
sample_2738,1,0,0,0
sample_2739,0,0,1,0
sample_2740,0,0,1,0
sample_2741,1,0,0,0
sample_2742,0,0.25,0.75,0
sample_2743,1,0,0,0
sample_2744,0,1,0,0
sample_2745,0,0,1,0
sample_2746,1,0,0,0
sample_2747,0,1,0,0
sample_2748,0,0,1,0
sample_2749,0.98,0.01,0.01,0.01
sample_2750,0,0,0,1
sample_2751,0,0,1,0
sample_2752,0.04,0,0.96,0
sample_2753,0.8,0.17,0.03,0
sample_2754,1,0,0,0
sample_2755,0,1,0,0
sample_2756,0,1,0,0
sample_2757,0,1,0,0
sample_2758,0,0,0,1
sample_2759,0,1,0,0
sample_2760,0,0.63,0.37,0
sample_2761,0,0,0,1
sample_2762,1,0,0,0
sample_2763,1,0,0,0
sample_2764,0,0,1,0
sample_2765,0,1,0,0
sample_2766,1,0,0,0
sample_2767,1,0,0,0
sample_2768,0,0,1,0
sample_2769,0,1,0,0
sample_2770,1,0,0,0
sample_2771,0.45,0.54,0.01,0
sample_2772,0,0,1,0
sample_2773,0,0,1,0
sample_2774,0,0,1,0
sample_2775,0,1,0,0
sample_2776,0,0,0,1
sample_2777,1,0,0,0
sample_2778,0,1,0,0
sample_2779,0,0,1,0
sample_2780,0,1,0,0
sample_2781,1,0,0,0
sample_2782,1,0,0,0
sample_2783,0,1,0,0
sample_2784,0,1,0,0
sample_2785,0,0,1,0
sample_2786,0,1,0,0
sample_2787,0,0,1,0
sample_2788,0,0,1,0
sample_2789,0,1,0,0
sample_2790,1,0,0,0
sample_2791,0,1,0,0
sample_2792,1,0,0,0
sample_2793,0,0,1,0
sample_2794,0,1,0,0
sample_2795,0,1,0,0
sample_2796,0,0,1,0
sample_2797,0,0,1,0
sample_2798,0,1,0,0
sample_2799,0,1,0,0
sample_2800,0,0,1,0
sample_2801,0.77,0.01,0.22,0
sample_2802,0,1,0,0
sample_2803,0,1,0,0
sample_2804,1,0,0,0
sample_2805,0,1,0,0
sample_2806,0,0,1,0
sample_2807,0.94,0.02,0.04,0
sample_2808,1,0,0,0
sample_2809,0,0,1,0
sample_2810,1,0,0,0
sample_2811,0,1,0,0
sample_2812,0,0,1,0
sample_2813,0,1,0,0
sample_2814,0,1,0,0
sample_2815,0.91,0.09,0,0
sample_2816,0,0,1,0
sample_2817,0,1,0,0
sample_2818,0.99,0.01,0,0
sample_2819,0,0,1,0
sample_2820,1,0,0,0
sample_2821,1,0,0,0
sample_2822,0.23,0,0.77,0
sample_2823,0,0,1,0
sample_2824,0,1,0,0
sample_2825,0,1,0,0
sample_2826,1,0,0,0
sample_2827,0,1,0,0
sample_2828,0,0,0,1
sample_2829,0.96,0.04,0,0
sample_2830,0,0,1,0
sample_2831,1,0,0,0
sample_2832,0,1,0,0
sample_2833,0,0,1,0
sample_2834,0,0,1,0
sample_2835,1,0,0,0
sample_2836,0,0,1,0
sample_2837,0,1,0,0
sample_2838,0,0,1,0
sample_2839,1,0,0,0
sample_2840,1,0,0,0
sample_2841,1,0,0,0
sample_2842,0,0,1,0
sample_2843,1,0,0,0
sample_2844,0,1,0,0
sample_2845,0,0,1,0
sample_2846,0,0,1,0
sample_2847,0,0,1,0
sample_2848,0,1,0,0
sample_2849,0,1,0,0
sample_2850,1,0,0,0
sample_2851,1,0,0,0
sample_2852,1,0,0,0
sample_2853,0,0,0,1
sample_2854,1,0,0,0
sample_2855,0,0,1,0
sample_2856,0.93,0.07,0,0
sample_2857,0,1,0,0
sample_2858,0,1,0,0
sample_2859,0.96,0,0.04,0
sample_2860,0,1,0,0
sample_2861,0,0,1,0
sample_2862,1,0,0,0
sample_2863,0,0,1,0
sample_2864,0,0,1,0
sample_2865,0,0,1,0
sample_2866,1,0,0,0
sample_2867,1,0,0,0
sample_2868,1,0,0,0
sample_2869,0,0,1,0
sample_2870,0,1,0,0
sample_2871,0,1,0,0
sample_2872,0,1,0,0
sample_2873,0,1,0,0
sample_2874,0,1,0,0
sample_2875,0,0,1,0
sample_2876,0,0,1,0
sample_2877,0,1,0,0
sample_2878,0,1,0,0
sample_2879,1,0,0,0
sample_2880,0,0.98,0.01,0
sample_2881,0,0,1,0
sample_2882,0,1,0,0
sample_2883,1,0,0,0
sample_2884,0,0,1,0
sample_2885,0,1,0,0
sample_2886,0,1,0,0
sample_2887,0,0,1,0
sample_2888,0.85,0,0.15,0
sample_2889,1,0,0,0
sample_2890,0,1,0,0
sample_2891,0,0,1,0
sample_2892,0,1,0,0
sample_2893,0,1,0,0
sample_2894,1,0,0,0
sample_2895,1,0,0,0
sample_2896,0,0,1,0
sample_2897,0,0,1,0
sample_2898,1,0,0,0
sample_2899,0.45,0,0.55,0
sample_2900,1,0,0,0
sample_2901,0,1,0,0
sample_2902,0,1,0,0
sample_2903,0,0,1,0
sample_2904,0.72,0.23,0.05,0
sample_2905,0,0,1,0
sample_2906,0,0,1,0
sample_2907,0,1,0,0
sample_2908,0,1,0,0
sample_2909,1,0,0,0
sample_2910,0,1,0,0
sample_2911,0,0,1,0
sample_2912,0,0,1,0
sample_2913,0,1,0,0
sample_2914,0,0,1,0
sample_2915,1,0,0,0
sample_2916,0,1,0,0
sample_2917,1,0,0,0
sample_2918,1,0,0,0
sample_2919,0,0.98,0.02,0
sample_2920,1,0,0,0
sample_2921,1,0,0,0
sample_2922,1,0,0,0
sample_2923,0,1,0,0
sample_2924,0,1,0,0
sample_2925,0.01,0.99,0,0
sample_2926,0,1,0,0
sample_2927,0,0,1,0
sample_2928,0,0,1,0
sample_2929,0,1,0,0
sample_2930,1,0,0,0
sample_2931,0,1,0,0
sample_2932,0,0,1,0
sample_2933,0,1,0,0
sample_2934,1,0,0,0
sample_2935,0,1,0,0
sample_2936,0,1,0,0
sample_2937,0,0,0,1
sample_2938,0,0,0,1
sample_2939,0,0,0,1
sample_2940,0,1,0,0
sample_2941,0,1,0,0
sample_2942,1,0,0,0
sample_2943,0.11,0.89,0,0
sample_2944,0,0,1,0
sample_2945,1,0,0,0
sample_2946,0,0,0,1
sample_2947,0,1,0,0
sample_2948,0,1,0,0
sample_2949,0,0,0,1
sample_2950,1,0,0,0
sample_2951,0,0,1,0
sample_2952,0,0,1,0
sample_2953,0.02,0,0.98,0
sample_2954,0,0,1,0
sample_2955,1,0,0,0
sample_2956,1,0,0,0
sample_2957,0,0,0,1
sample_2958,1,0,0,0
sample_2959,0,0,1,0
sample_2960,1,0,0,0
sample_2961,0,1,0,0
sample_2962,0,0,0,1
sample_2963,0,0,0,1
sample_2964,0,0,1,0
sample_2965,1,0,0,0
sample_2966,0,0.86,0.14,0
sample_2967,0,0,1,0
sample_2968,0,0,1,0
sample_2969,0,0,1,0
sample_2970,1,0,0,0
sample_2971,0,1,0,0
sample_2972,1,0,0,0
sample_2973,1,0,0,0
sample_2974,0,0,1,0
sample_2975,0,1,0,0
sample_2976,0,1,0,0
sample_2977,0,0,1,0
sample_2978,0,0,0,1
sample_2979,0,0,0,1
sample_2980,0.99,0.01,0,0
sample_2981,0,0,1,0
sample_2982,0,0,1,0
sample_2983,0,0,1,0
sample_2984,0,0,1,0
sample_2985,1,0,0,0
sample_2986,1,0,0,0
sample_2987,0,0,0,1
sample_2988,0,0,1,0
sample_2989,1,0,0,0
sample_2990,1,0,0,0
sample_2991,0,1,0,0
sample_2992,0,1,0,0
sample_2993,0,0,1,0
sample_2994,1,0,0,0
sample_2995,0,0,1,0
sample_2996,0,0,0,1
sample_2997,0,0,1,0
sample_2998,0,0,1,0
sample_2999,0,0,1,0
sample_3000,0,0,1,0
sample_3001,1,0,0,0
sample_3002,0.01,0.99,0,0
sample_3003,1,0,0,0
sample_3004,0,1,0,0
sample_3005,0,0,1,0
sample_3006,0,1,0,0
sample_3007,0,0,1,0
sample_3008,1,0,0,0
sample_3009,0,0,1,0
sample_3010,0,1,0,0
sample_3011,0,0,1,0
sample_3012,0,0,1,0
sample_3013,0.75,0,0.25,0
sample_3014,1,0,0,0
sample_3015,0,1,0,0
sample_3016,0,1,0,0
sample_3017,0,1,0,0
sample_3018,0,0,1,0
sample_3019,0,0,1,0
sample_3020,1,0,0,0
sample_3021,0,0,1,0
sample_3022,0,0,1,0
sample_3023,0,0,1,0
sample_3024,0,1,0,0
sample_3025,0,0,0,1
sample_3026,1,0,0,0
sample_3027,0,1,0,0
sample_3028,1,0,0,0
sample_3029,1,0,0,0
sample_3030,1,0,0,0
sample_3031,1,0,0,0
sample_3032,0,0,1,0
sample_3033,1,0,0,0
sample_3034,0,0,1,0
sample_3035,0,0,1,0
sample_3036,1,0,0,0
sample_3037,1,0,0,0
sample_3038,0,1,0,0
sample_3039,0,1,0,0
sample_3040,0,0.97,0.03,0
sample_3041,0,1,0,0
sample_3042,0,0,1,0
sample_3043,0,0,1,0
sample_3044,0,1,0,0
sample_3045,0,1,0,0
sample_3046,0,1,0,0
sample_3047,0,0,1,0
sample_3048,0.93,0.01,0.05,0
sample_3049,0,1,0,0
sample_3050,0,0,1,0
sample_3051,1,0,0,0
sample_3052,0,1,0,0
sample_3053,0,0,1,0
sample_3054,0.18,0.71,0.11,0
sample_3055,0,0,1,0
sample_3056,0,0,1,0
sample_3057,0,0,1,0
sample_3058,1,0,0,0
sample_3059,0,0,0,1
sample_3060,0,1,0,0
sample_3061,0,0.99,0.01,0
sample_3062,1,0,0,0
sample_3063,0,1,0,0
sample_3064,0,0,1,0
sample_3065,0,0,1,0
sample_3066,0,0,1,0
sample_3067,1,0,0,0
sample_3068,0,0,1,0
sample_3069,0.96,0,0.04,0
sample_3070,1,0,0,0
sample_3071,1,0,0,0
sample_3072,0,0,1,0
sample_3073,0,0,1,0
sample_3074,0,0,1,0
sample_3075,1,0,0,0
sample_3076,1,0,0,0
sample_3077,0,1,0,0
sample_3078,0,1,0,0
sample_3079,0,0,1,0
sample_3080,0,1,0,0
sample_3081,0,0,1,0
sample_3082,1,0,0,0
sample_3083,0,1,0,0
sample_3084,0,1,0,0
sample_3085,1,0,0,0
sample_3086,0,1,0,0
sample_3087,0.04,0.96,0,0
sample_3088,1,0,0,0
sample_3089,1,0,0,0
sample_3090,0,0,0,1
sample_3091,0,0,1,0
sample_3092,0,0,1,0
sample_3093,0,0,1,0
sample_3094,1,0,0,0
sample_3095,0,0,1,0
sample_3096,1,0,0,0
sample_3097,1,0,0,0
sample_3098,0,1,0,0
sample_3099,1,0,0,0
sample_3100,1,0,0,0
sample_3101,0,1,0,0
sample_3102,0,1,0,0
sample_3103,0,0,0,1
sample_3104,0,1,0,0
sample_3105,1,0,0,0
sample_3106,0.99,0,0.01,0
sample_3107,0,0,1,0
sample_3108,0,0.84,0.16,0
sample_3109,0.03,0,0.97,0
sample_3110,0,1,0,0
sample_3111,1,0,0,0
sample_3112,0,0,1,0
sample_3113,0,0,1,0
sample_3114,0,1,0,0
sample_3115,0,1,0,0
sample_3116,0,0,0,1
sample_3117,1,0,0,0
sample_3118,0,0,1,0
sample_3119,0.67,0.31,0.02,0
sample_3120,1,0,0,0
sample_3121,1,0,0,0
sample_3122,1,0,0,0
sample_3123,0,1,0,0
sample_3124,1,0,0,0
sample_3125,0,1,0,0
sample_3126,0,1,0,0
sample_3127,0,0,0,1
sample_3128,0,0,1,0
sample_3129,1,0,0,0
sample_3130,0,1,0,0
sample_3131,0,0,1,0
sample_3132,0,0,1,0
sample_3133,0,0,1,0
sample_3134,0,0,1,0
sample_3135,0,1,0,0
sample_3136,0,0,1,0
sample_3137,0,0,1,0
sample_3138,0,1,0,0
sample_3139,0,0,1,0
sample_3140,0,1,0,0
sample_3141,0,1,0,0
sample_3142,0.99,0,0.01,0
sample_3143,0,0,1,0
sample_3144,0,1,0,0
sample_3145,0,1,0,0
sample_3146,0,0,1,0
sample_3147,1,0,0,0
sample_3148,0,1,0,0
sample_3149,0,0,1,0
sample_3150,0,1,0,0
sample_3151,1,0,0,0
sample_3152,0.28,0,0.72,0
sample_3153,0,0,0,1
sample_3154,0,1,0,0
sample_3155,0.01,0.99,0,0
sample_3156,1,0,0,0
sample_3157,1,0,0,0
sample_3158,0,0,1,0
sample_3159,0,1,0,0
sample_3160,1,0,0,0
sample_3161,1,0,0,0
sample_3162,0,0,1,0
sample_3163,0,1,0,0
sample_3164,1,0,0,0
sample_3165,0.98,0,0.02,0
sample_3166,0,0,1,0
sample_3167,0,1,0,0
sample_3168,0,1,0,0
sample_3169,0,1,0,0
sample_3170,0,0,1,0
sample_3171,1,0,0,0
sample_3172,1,0,0,0
sample_3173,0,0,1,0
sample_3174,1,0,0,0
sample_3175,0.15,0.85,0,0
sample_3176,0,1,0,0
sample_3177,0,1,0,0
sample_3178,1,0,0,0
sample_3179,0,0,1,0
sample_3180,1,0,0,0
sample_3181,0,0,1,0
sample_3182,1,0,0,0
sample_3183,1,0,0,0
sample_3184,1,0,0,0
sample_3185,0.99,0.01,0,0
sample_3186,0,1,0,0
sample_3187,0,0,1,0
sample_3188,0,0,0,1
sample_3189,0,0,1,0
sample_3190,0,0,1,0
sample_3191,0,1,0,0
sample_3192,0,1,0,0
sample_3193,1,0,0,0
sample_3194,1,0,0,0
sample_3195,1,0,0,0
sample_3196,0,0,1,0
sample_3197,0,0,0,1
sample_3198,0,1,0,0
sample_3199,0,1,0,0
sample_3200,0.95,0.01,0.03,0.01
sample_3201,1,0,0,0
sample_3202,0.74,0.24,0.01,0
sample_3203,0,1,0,0
sample_3204,0,0.96,0.03,0
sample_3205,0,1,0,0
sample_3206,0,0,0,1
sample_3207,0,0,1,0
sample_3208,0,0,1,0
sample_3209,0,0,1,0
sample_3210,0,0,1,0
sample_3211,0.03,0,0.96,0
sample_3212,0,0,1,0
sample_3213,1,0,0,0
sample_3214,0,0,1,0
sample_3215,0,0,1,0
sample_3216,0,0,1,0
sample_3217,1,0,0,0
sample_3218,0,0,1,0
sample_3219,0,0,1,0
sample_3220,0,1,0,0
sample_3221,0,1,0,0
sample_3222,0,1,0,0
sample_3223,0.02,0.98,0,0
sample_3224,1,0,0,0
sample_3225,0.99,0,0.01,0
sample_3226,1,0,0,0
sample_3227,0,0,0,1
sample_3228,0,0,1,0
sample_3229,1,0,0,0
sample_3230,0,0,1,0
sample_3231,0,0,1,0
sample_3232,0.99,0,0.01,0
sample_3233,0,0,1,0
sample_3234,0,1,0,0
sample_3235,0.01,0,0.99,0
sample_3236,0,0,0.99,0
sample_3237,0,1,0,0
sample_3238,0,0,1,0
sample_3239,0,1,0,0
sample_3240,0.03,0.05,0.89,0.03
sample_3241,1,0,0,0
sample_3242,1,0,0,0
sample_3243,1,0,0,0
sample_3244,0,0,1,0
sample_3245,0,1,0,0
sample_3246,0,1,0,0
sample_3247,0,0,1,0
sample_3248,0,0,1,0
sample_3249,0,0,1,0
sample_3250,0,1,0,0
sample_3251,0,0,1,0
sample_3252,0,1,0,0
sample_3253,0,1,0,0
sample_3254,1,0,0,0
sample_3255,0,1,0,0
sample_3256,1,0,0,0
sample_3257,0,1,0,0
sample_3258,0,0,1,0
sample_3259,0,1,0,0
sample_3260,0,1,0,0
sample_3261,0,1,0,0
sample_3262,0.95,0,0.05,0
sample_3263,0,0,1,0
sample_3264,0,1,0,0
sample_3265,0,1,0,0
sample_3266,0,0,1,0
sample_3267,0,1,0,0
sample_3268,0,1,0,0
sample_3269,0.95,0,0.05,0
